Entity,Code,Year,Public health expenditure as a share of GDP
Argentina,ARG,1880,0
Argentina,ARG,1890,0
Argentina,ARG,1900,0
Argentina,ARG,1910,0
Argentina,ARG,1920,0
Argentina,ARG,1930,0
Argentina,ARG,2000,4.499
Argentina,ARG,2001,4.594
Argentina,ARG,2002,4.034
Argentina,ARG,2003,3.774
Argentina,ARG,2004,3.746
Argentina,ARG,2005,3.915
Argentina,ARG,2006,4.019
Argentina,ARG,2007,4.257
Argentina,ARG,2008,4.509
Argentina,ARG,2009,5.672
Argentina,ARG,2010,5.572
Argentina,ARG,2011,5.688
Argentina,ARG,2012,6.144
Argentina,ARG,2013,6.264
Argentina,ARG,2014,6.361
Argentina,ARG,2015,6.853
Argentina,ARG,2016,6.472
Argentina,ARG,2017,6.74
Argentina,ARG,2018,6.151
Argentina,ARG,2019,6.245
Argentina,ARG,2020,7.078
Argentina,ARG,2021,6.522
Argentina,ARG,2022,6.109
Argentina,ARG,2023,6.29
Australia,AUS,1880,0
Australia,AUS,1890,0
Australia,AUS,1900,0
Australia,AUS,1910,0.38
Australia,AUS,1920,0.57
Australia,AUS,1930,0.44
Australia,AUS,1960,1.9194211
Australia,AUS,1961,2.0928643
Australia,AUS,1962,2.237511
Australia,AUS,1963,2.1450713
Australia,AUS,1964,2.1516094
Australia,AUS,1965,2.2281218
Australia,AUS,1966,2.18169
Australia,AUS,1967,2.0213892
Australia,AUS,1968,2.1915185
Australia,AUS,1969,2.306159
Australia,AUS,1970,2.6216624
Australia,AUS,1971,2.785
Australia,AUS,1972,2.762
Australia,AUS,1973,2.738
Australia,AUS,1974,3.121
Australia,AUS,1975,4.2
Australia,AUS,1976,3.825
Australia,AUS,1977,3.687
Australia,AUS,1978,3.68
Australia,AUS,1979,3.586
Australia,AUS,1980,3.663
Australia,AUS,1981,3.573
Australia,AUS,1982,3.594
Australia,AUS,1983,3.8
Australia,AUS,1984,4.296
Australia,AUS,1985,4.335
Australia,AUS,1986,4.4
Australia,AUS,1987,4.273
Australia,AUS,1988,4.129
Australia,AUS,1989,4.116
Australia,AUS,1990,4.28
Australia,AUS,1991,4.465
Australia,AUS,1992,4.496
Australia,AUS,1993,4.494
Australia,AUS,1994,4.503
Australia,AUS,1995,4.59
Australia,AUS,1996,4.644
Australia,AUS,1997,4.763
Australia,AUS,1998,4.897
Australia,AUS,1999,5.098
Australia,AUS,2000,5.189
Australia,AUS,2001,5.2
Australia,AUS,2002,5.402
Australia,AUS,2003,5.36
Australia,AUS,2004,5.524
Australia,AUS,2005,5.448
Australia,AUS,2006,5.445
Australia,AUS,2007,5.58
Australia,AUS,2008,5.691
Australia,AUS,2009,5.92
Australia,AUS,2010,5.779
Australia,AUS,2011,5.907
Australia,AUS,2012,5.855
Australia,AUS,2013,5.683
Australia,AUS,2014,6.64
Australia,AUS,2015,6.975
Australia,AUS,2016,6.971
Australia,AUS,2017,7.005
Australia,AUS,2018,6.996
Australia,AUS,2019,7.349
Australia,AUS,2020,7.669
Australia,AUS,2021,7.776
Australia,AUS,2022,7.201
Australia,AUS,2023,7.1
Australia,AUS,2024,7.5
Austria,AUT,1880,0
Austria,AUT,1890,0
Austria,AUT,1900,0
Austria,AUT,1910,0
Austria,AUT,1920,0
Austria,AUT,1930,0
Austria,AUT,1960,2.6429722
Austria,AUT,1961,2.667932
Austria,AUT,1962,2.7112975
Austria,AUT,1963,2.7858238
Austria,AUT,1964,2.7342644
Austria,AUT,1965,2.8469203
Austria,AUT,1966,2.885803
Austria,AUT,1967,3.1053548
Austria,AUT,1968,3.0026376
Austria,AUT,1969,3.1870866
Austria,AUT,1970,2.955
Austria,AUT,1971,2.933
Austria,AUT,1972,2.921
Austria,AUT,1973,2.981
Austria,AUT,1974,3.233
Austria,AUT,1975,4.431
Austria,AUT,1976,4.604
Austria,AUT,1977,4.586
Austria,AUT,1978,4.745
Austria,AUT,1979,4.628
Austria,AUT,1980,4.739
Austria,AUT,1981,4.482
Austria,AUT,1982,4.444
Austria,AUT,1983,4.356
Austria,AUT,1984,4.361
Austria,AUT,1985,4.499
Austria,AUT,1986,4.583
Austria,AUT,1987,4.798
Austria,AUT,1988,4.762
Austria,AUT,1989,4.733
Austria,AUT,1990,5.763
Austria,AUT,1991,5.814
Austria,AUT,1992,6.072
Austria,AUT,1993,6.492
Austria,AUT,1994,6.855
Austria,AUT,1995,6.84
Austria,AUT,1996,6.812
Austria,AUT,1997,6.827
Austria,AUT,1998,6.948
Austria,AUT,1999,7.076
Austria,AUT,2000,6.994
Austria,AUT,2001,6.986
Austria,AUT,2002,7.086
Austria,AUT,2003,7.149
Austria,AUT,2004,7.189
Austria,AUT,2005,7.18
Austria,AUT,2006,7.161
Austria,AUT,2007,7.139
Austria,AUT,2008,7.353
Austria,AUT,2009,7.74
Austria,AUT,2010,7.682
Austria,AUT,2011,7.539
Austria,AUT,2012,7.676
Austria,AUT,2013,7.684
Austria,AUT,2014,7.755
Austria,AUT,2015,7.741
Austria,AUT,2016,7.715
Austria,AUT,2017,7.738
Austria,AUT,2018,7.776
Austria,AUT,2019,7.906
Austria,AUT,2020,8.72
Austria,AUT,2021,9.473
Austria,AUT,2022,8.666
Austria,AUT,2023,8.55
Austria,AUT,2024,8.983
Belgium,BEL,1880,0.06
Belgium,BEL,1890,0.11
Belgium,BEL,1900,0.12
Belgium,BEL,1910,0.18
Belgium,BEL,1920,0.21
Belgium,BEL,1930,0.09
Belgium,BEL,1992,5.665
Belgium,BEL,1993,5.701
Belgium,BEL,1994,5.502
Belgium,BEL,1995,5.774
Belgium,BEL,1996,6.109
Belgium,BEL,1997,5.785
Belgium,BEL,1998,5.833
Belgium,BEL,1999,5.938
Belgium,BEL,2000,5.968
Belgium,BEL,2001,6.146
Belgium,BEL,2002,6.139
Belgium,BEL,2003,6.783
Belgium,BEL,2004,6.986
Belgium,BEL,2005,6.889
Belgium,BEL,2006,6.801
Belgium,BEL,2007,6.769
Belgium,BEL,2008,7.261
Belgium,BEL,2009,7.838
Belgium,BEL,2010,7.768
Belgium,BEL,2011,7.826
Belgium,BEL,2012,7.986
Belgium,BEL,2013,7.992
Belgium,BEL,2014,8.028
Belgium,BEL,2015,8.26
Belgium,BEL,2016,8.307
Belgium,BEL,2017,8.31
Belgium,BEL,2018,8.321
Belgium,BEL,2019,8.076
Belgium,BEL,2020,8.717
Belgium,BEL,2021,8.481
Belgium,BEL,2022,7.929
Belgium,BEL,2023,7.95
Belgium,BEL,2024,8.1
Brazil,BRA,1880,0
Brazil,BRA,1890,0
Brazil,BRA,1900,0
Brazil,BRA,1910,0
Brazil,BRA,1920,0
Brazil,BRA,1930,0
Brazil,BRA,2000,3.47
Brazil,BRA,2001,3.513
Brazil,BRA,2002,3.686
Brazil,BRA,2003,3.51
Brazil,BRA,2004,3.467
Brazil,BRA,2005,3.345
Brazil,BRA,2006,3.542
Brazil,BRA,2007,3.485
Brazil,BRA,2008,3.505
Brazil,BRA,2009,3.708
Brazil,BRA,2010,3.577
Brazil,BRA,2011,3.467
Brazil,BRA,2012,3.356
Brazil,BRA,2013,3.556
Brazil,BRA,2014,3.709
Brazil,BRA,2015,3.861
Brazil,BRA,2016,3.952
Brazil,BRA,2017,3.96
Brazil,BRA,2018,3.897
Brazil,BRA,2019,3.93
Brazil,BRA,2020,4.18
Brazil,BRA,2021,4.317
Brazil,BRA,2022,4.26
Bulgaria,BGR,1880,0
Bulgaria,BGR,1890,0
Bulgaria,BGR,1900,0
Bulgaria,BGR,1910,0
Bulgaria,BGR,1920,0
Bulgaria,BGR,1930,0.01
Bulgaria,BGR,2003,4.393
Bulgaria,BGR,2004,4.117
Bulgaria,BGR,2005,4.128
Bulgaria,BGR,2006,3.659
Bulgaria,BGR,2007,3.457
Bulgaria,BGR,2008,3.532
Bulgaria,BGR,2009,3.583
Bulgaria,BGR,2010,3.932
Bulgaria,BGR,2011,3.86
Bulgaria,BGR,2012,3.845
Bulgaria,BGR,2013,4.056
Bulgaria,BGR,2014,4.493
Bulgaria,BGR,2015,4.15
Bulgaria,BGR,2016,4.129
Bulgaria,BGR,2017,4.224
Bulgaria,BGR,2018,4.337
Bulgaria,BGR,2019,4.313
Bulgaria,BGR,2020,5.327
Bulgaria,BGR,2021,5.573
Bulgaria,BGR,2022,4.853
Bulgaria,BGR,2023,4.99
Canada,CAN,1880,0
Canada,CAN,1890,0
Canada,CAN,1900,0
Canada,CAN,1910,0
Canada,CAN,1920,0.01
Canada,CAN,1930,0.02
Canada,CAN,1960,2.0727615
Canada,CAN,1965,2.7635906
Canada,CAN,1970,4.406
Canada,CAN,1971,4.79
Canada,CAN,1972,4.774
Canada,CAN,1973,4.555
Canada,CAN,1974,4.568
Canada,CAN,1975,4.971
Canada,CAN,1976,5.032
Canada,CAN,1977,4.989
Canada,CAN,1978,4.946
Canada,CAN,1979,4.823
Canada,CAN,1980,4.975
Canada,CAN,1981,5.167
Canada,CAN,1982,5.756
Canada,CAN,1983,5.883
Canada,CAN,1984,5.748
Canada,CAN,1985,5.712
Canada,CAN,1986,5.854
Canada,CAN,1987,5.803
Canada,CAN,1988,5.779
Canada,CAN,1989,5.921
Canada,CAN,1990,6.212
Canada,CAN,1991,6.723
Canada,CAN,1992,6.867
Canada,CAN,1993,6.651
Canada,CAN,1994,6.316
Canada,CAN,1995,6.053
Canada,CAN,1996,5.881
Canada,CAN,1997,5.802
Canada,CAN,1998,6.004
Canada,CAN,1999,5.81
Canada,CAN,2000,5.771
Canada,CAN,2001,6.012
Canada,CAN,2002,6.135
Canada,CAN,2003,6.303
Canada,CAN,2004,6.335
Canada,CAN,2005,6.312
Canada,CAN,2006,6.488
Canada,CAN,2007,6.575
Canada,CAN,2008,6.701
Canada,CAN,2009,7.523
Canada,CAN,2010,7.483
Canada,CAN,2011,7.313
Canada,CAN,2012,7.438
Canada,CAN,2013,7.405
Canada,CAN,2014,7.279
Canada,CAN,2015,7.631
Canada,CAN,2016,7.727
Canada,CAN,2017,7.609
Canada,CAN,2018,7.605
Canada,CAN,2019,7.683
Canada,CAN,2020,9.615
Canada,CAN,2021,9.002
Canada,CAN,2022,7.867
Canada,CAN,2023,7.866
Canada,CAN,2024,7.93
Chile,CHL,2000,3.733
Chile,CHL,2001,3.742
Chile,CHL,2002,3.807
Chile,CHL,2003,3.786
Chile,CHL,2004,3.662
Chile,CHL,2005,3.506
Chile,CHL,2006,3.285
Chile,CHL,2007,3.416
Chile,CHL,2008,3.801
Chile,CHL,2009,4.638
Chile,CHL,2010,4.025
Chile,CHL,2011,4.043
Chile,CHL,2012,4.211
Chile,CHL,2013,4.437
Chile,CHL,2014,4.622
Chile,CHL,2015,4.906
Chile,CHL,2016,5.006
Chile,CHL,2017,5.468
Chile,CHL,2018,5.565
Chile,CHL,2019,5.68
Chile,CHL,2020,6.33
Chile,CHL,2021,5.885
Chile,CHL,2022,5.8
Chile,CHL,2023,6.032
Chile,CHL,2024,5.8
China,CHN,2000,0.976
China,CHN,2001,0.959
China,CHN,2002,1.095
China,CHN,2003,1.233
China,CHN,2004,1.276
China,CHN,2005,1.352
China,CHN,2006,1.371
China,CHN,2007,1.415
China,CHN,2008,1.703
China,CHN,2009,2.107
China,CHN,2010,2.14
China,CHN,2011,2.278
China,CHN,2012,2.505
China,CHN,2013,2.657
China,CHN,2014,2.752
China,CHN,2015,2.928
China,CHN,2016,2.835
China,CHN,2017,2.809
China,CHN,2018,2.862
China,CHN,2019,2.957
China,CHN,2020,3.038
China,CHN,2021,2.844
China,CHN,2022,2.875
Colombia,COL,2000,4.312
Colombia,COL,2001,4.577
Colombia,COL,2002,4.495
Colombia,COL,2003,4.608
Colombia,COL,2004,4.407
Colombia,COL,2005,4.499
Colombia,COL,2006,4.712
Colombia,COL,2007,4.749
Colombia,COL,2008,4.911
Colombia,COL,2009,5.438
Colombia,COL,2010,5.29
Colombia,COL,2011,5.15
Colombia,COL,2012,4.984
Colombia,COL,2013,5.304
Colombia,COL,2014,5.474
Colombia,COL,2015,5.741
Colombia,COL,2016,5.731
Colombia,COL,2017,5.882
Colombia,COL,2018,5.905
Colombia,COL,2019,5.994
Colombia,COL,2020,6.73
Colombia,COL,2021,7.173
Colombia,COL,2022,5.84
Colombia,COL,2023,6.253
Colombia,COL,2024,6.19
Costa Rica,CRI,2004,4.431
Costa Rica,CRI,2005,4.321
Costa Rica,CRI,2006,4.641
Costa Rica,CRI,2007,4.685
Costa Rica,CRI,2008,5.121
Costa Rica,CRI,2009,5.638
Costa Rica,CRI,2010,5.871
Costa Rica,CRI,2011,5.919
Costa Rica,CRI,2012,5.766
Costa Rica,CRI,2013,5.751
Costa Rica,CRI,2014,5.59
Costa Rica,CRI,2015,5.682
Costa Rica,CRI,2016,5.494
Costa Rica,CRI,2017,5.282
Costa Rica,CRI,2018,5.379
Costa Rica,CRI,2019,5.339
Costa Rica,CRI,2020,5.931
Costa Rica,CRI,2021,5.689
Costa Rica,CRI,2022,5.209
Costa Rica,CRI,2023,5
Costa Rica,CRI,2024,5
Croatia,HRV,2003,5.189
Croatia,HRV,2004,5.261
Croatia,HRV,2005,5.878
Croatia,HRV,2006,5.921
Croatia,HRV,2007,6.404
Croatia,HRV,2008,6.481
Croatia,HRV,2009,6.838
Croatia,HRV,2010,6.792
Croatia,HRV,2011,5.921
Croatia,HRV,2012,6.049
Croatia,HRV,2013,5.408
Croatia,HRV,2014,5.445
Croatia,HRV,2015,5.5
Croatia,HRV,2016,5.522
Croatia,HRV,2017,5.471
Croatia,HRV,2018,5.505
Croatia,HRV,2019,5.559
Croatia,HRV,2020,6.469
Croatia,HRV,2021,6.911
Croatia,HRV,2022,6.228
Croatia,HRV,2023,6.07
Cyprus,CYP,2003,2.496
Cyprus,CYP,2004,2.248
Cyprus,CYP,2005,2.244
Cyprus,CYP,2006,2.336
Cyprus,CYP,2007,2.301
Cyprus,CYP,2008,2.528
Cyprus,CYP,2009,2.778
Cyprus,CYP,2010,2.999
Cyprus,CYP,2011,3.077
Cyprus,CYP,2012,3.029
Cyprus,CYP,2013,3.193
Cyprus,CYP,2014,2.984
Cyprus,CYP,2015,2.862
Cyprus,CYP,2016,2.787
Cyprus,CYP,2017,2.748
Cyprus,CYP,2018,2.869
Cyprus,CYP,2019,3.83
Cyprus,CYP,2020,6.329
Cyprus,CYP,2021,7.491
Cyprus,CYP,2022,6.925
Cyprus,CYP,2023,6.239
Czechia,CZE,1990,3.578
Czechia,CZE,1991,3.677
Czechia,CZE,1992,3.736
Czechia,CZE,1993,4.967
Czechia,CZE,1994,5.059
Czechia,CZE,1995,5.079
Czechia,CZE,1996,4.979
Czechia,CZE,1997,4.973
Czechia,CZE,1998,4.978
Czechia,CZE,1999,5.16
Czechia,CZE,2000,5.091
Czechia,CZE,2001,5.214
Czechia,CZE,2002,5.532
Czechia,CZE,2003,5.812
Czechia,CZE,2004,5.623
Czechia,CZE,2005,5.502
Czechia,CZE,2006,5.321
Czechia,CZE,2007,5.073
Czechia,CZE,2008,5.204
Czechia,CZE,2009,6.05
Czechia,CZE,2010,6.376
Czechia,CZE,2011,6.344
Czechia,CZE,2012,6.406
Czechia,CZE,2013,6.316
Czechia,CZE,2014,6.357
Czechia,CZE,2015,6.178
Czechia,CZE,2016,6.213
Czechia,CZE,2017,6.146
Czechia,CZE,2018,6.266
Czechia,CZE,2019,6.355
Czechia,CZE,2020,7.915
Czechia,CZE,2021,7.941
Czechia,CZE,2022,7.198
Czechia,CZE,2023,7.13
Czechia,CZE,2024,7.236
Denmark,DNK,1880,0.1
Denmark,DNK,1890,0.28
Denmark,DNK,1900,0.46
Denmark,DNK,1910,0.44
Denmark,DNK,1920,1.15
Denmark,DNK,1930,0.7
Denmark,DNK,1960,3.7779648
Denmark,DNK,1961,4.2572722
Denmark,DNK,1962,4.437101
Denmark,DNK,1963,4.635774
Denmark,DNK,1964,4.555899
Denmark,DNK,1965,4.86696
Denmark,DNK,1966,5.321642
Denmark,DNK,1967,5.8131256
Denmark,DNK,1968,6.1344647
Denmark,DNK,1969,6.348674
Denmark,DNK,1970,6.1169844
Denmark,DNK,1971,6.422
Denmark,DNK,1972,6.527
Denmark,DNK,1973,6.361
Denmark,DNK,1974,7.057
Denmark,DNK,1975,7.302
Denmark,DNK,1976,7.353
Denmark,DNK,1977,7.153
Denmark,DNK,1978,7.281
Denmark,DNK,1979,7.435
Denmark,DNK,1980,7.377
Denmark,DNK,1981,7.532
Denmark,DNK,1982,7.552
Denmark,DNK,1983,7.293
Denmark,DNK,1984,6.832
Denmark,DNK,1985,6.777
Denmark,DNK,1986,6.527
Denmark,DNK,1987,6.772
Denmark,DNK,1988,6.899
Denmark,DNK,1989,6.759
Denmark,DNK,1990,6.623
Denmark,DNK,1991,6.609
Denmark,DNK,1992,6.59
Denmark,DNK,1993,6.824
Denmark,DNK,1994,6.608
Denmark,DNK,1995,6.379
Denmark,DNK,1996,6.425
Denmark,DNK,1997,6.342
Denmark,DNK,1998,6.122
Denmark,DNK,1999,6.94
Denmark,DNK,2000,6.74
Denmark,DNK,2001,7.043
Denmark,DNK,2002,7.287
Denmark,DNK,2003,7.46
Denmark,DNK,2004,7.507
Denmark,DNK,2005,7.593
Denmark,DNK,2006,7.676
Denmark,DNK,2007,7.787
Denmark,DNK,2008,7.955
Denmark,DNK,2009,8.977
Denmark,DNK,2010,8.912
Denmark,DNK,2011,8.708
Denmark,DNK,2012,8.871
Denmark,DNK,2013,8.679
Denmark,DNK,2014,8.692
Denmark,DNK,2015,8.726
Denmark,DNK,2016,8.641
Denmark,DNK,2017,8.491
Denmark,DNK,2018,8.494
Denmark,DNK,2019,8.526
Denmark,DNK,2020,9.018
Denmark,DNK,2021,9.005
Denmark,DNK,2022,7.999
Denmark,DNK,2023,7.923
Denmark,DNK,2024,7.833
Estonia,EST,1999,4.366
Estonia,EST,2000,3.974
Estonia,EST,2001,3.749
Estonia,EST,2002,3.6
Estonia,EST,2003,3.914
Estonia,EST,2004,3.972
Estonia,EST,2005,3.942
Estonia,EST,2006,3.742
Estonia,EST,2007,3.92
Estonia,EST,2008,4.549
Estonia,EST,2009,5.271
Estonia,EST,2010,4.975
Estonia,EST,2011,4.586
Estonia,EST,2012,4.567
Estonia,EST,2013,4.623
Estonia,EST,2014,4.686
Estonia,EST,2015,4.871
Estonia,EST,2016,4.904
Estonia,EST,2017,4.758
Estonia,EST,2018,4.835
Estonia,EST,2019,4.949
Estonia,EST,2020,5.761
Estonia,EST,2021,5.691
Estonia,EST,2022,5.191
Estonia,EST,2023,5.666
Estonia,EST,2024,5.8
Finland,FIN,1880,0.23
Finland,FIN,1890,0.34
Finland,FIN,1900,0.35
Finland,FIN,1910,0.38
Finland,FIN,1920,0.19
Finland,FIN,1930,1.28
Finland,FIN,1960,1.7948552
Finland,FIN,1961,1.8135746
Finland,FIN,1962,1.9817758
Finland,FIN,1963,2.1177485
Finland,FIN,1964,2.3127785
Finland,FIN,1965,2.7386315
Finland,FIN,1966,2.9304035
Finland,FIN,1967,3.3974204
Finland,FIN,1968,3.5401022
Finland,FIN,1969,3.6067283
Finland,FIN,1970,3.555
Finland,FIN,1971,3.756
Finland,FIN,1972,3.754
Finland,FIN,1973,3.757
Finland,FIN,1974,3.764
Finland,FIN,1975,4.349
Finland,FIN,1976,4.605
Finland,FIN,1977,4.793
Finland,FIN,1978,4.697
Finland,FIN,1979,4.619
Finland,FIN,1980,4.611
Finland,FIN,1981,4.743
Finland,FIN,1982,4.832
Finland,FIN,1983,4.837
Finland,FIN,1984,4.839
Finland,FIN,1985,5.167
Finland,FIN,1986,5.297
Finland,FIN,1987,5.428
Finland,FIN,1988,5.263
Finland,FIN,1989,5.334
Finland,FIN,1990,5.802
Finland,FIN,1991,6.68
Finland,FIN,1992,6.725
Finland,FIN,1993,5.91
Finland,FIN,1994,5.455
Finland,FIN,1995,5.244
Finland,FIN,1996,5.321
Finland,FIN,1997,5.091
Finland,FIN,1998,4.912
Finland,FIN,1999,4.842
Finland,FIN,2000,5.259
Finland,FIN,2001,5.408
Finland,FIN,2002,5.731
Finland,FIN,2003,5.992
Finland,FIN,2004,6.127
Finland,FIN,2005,6.313
Finland,FIN,2006,6.403
Finland,FIN,2007,6.24
Finland,FIN,2008,6.456
Finland,FIN,2009,7.102
Finland,FIN,2010,7.047
Finland,FIN,2011,7.171
Finland,FIN,2012,7.519
Finland,FIN,2013,7.674
Finland,FIN,2014,7.67
Finland,FIN,2015,7.463
Finland,FIN,2016,7.208
Finland,FIN,2017,7.024
Finland,FIN,2018,7.006
Finland,FIN,2019,7.182
Finland,FIN,2020,7.669
Finland,FIN,2021,7.844
Finland,FIN,2022,7.753
Finland,FIN,2023,8.485
Finland,FIN,2024,8.6
France,FRA,1880,0.25
France,FRA,1890,0.29
France,FRA,1900,0.27
France,FRA,1910,0.26
France,FRA,1920,0.23
France,FRA,1930,0.32
France,FRA,1960,2.2093697
France,FRA,1961,2.473459
France,FRA,1962,2.7171729
France,FRA,1963,2.9260416
France,FRA,1964,3.1200695
France,FRA,1965,3.20537
France,FRA,1966,3.3684025
France,FRA,1967,3.476284
France,FRA,1968,3.3607085
France,FRA,1969,3.6741595
France,FRA,1970,3.924
France,FRA,1971,4.073058
France,FRA,1972,4.2069397
France,FRA,1973,4.220465
France,FRA,1974,4.308375
France,FRA,1975,4.817
France,FRA,1976,4.7943826
France,FRA,1977,4.873425
France,FRA,1978,5.0955524
France,FRA,1979,5.22905
France,FRA,1980,5.431
France,FRA,1981,5.6425414
France,FRA,1982,5.6833887
France,FRA,1983,5.733921
France,FRA,1984,5.937121
France,FRA,1985,6.051
France,FRA,1986,5.8425064
France,FRA,1987,5.8547573
France,FRA,1988,5.7724414
France,FRA,1989,5.8784146
France,FRA,1990,6.132
France,FRA,1991,6.268
France,FRA,1992,6.465
France,FRA,1993,6.759
France,FRA,1994,6.695
France,FRA,1995,7.847
France,FRA,1996,7.842
France,FRA,1997,7.738
France,FRA,1998,7.659
France,FRA,1999,7.656
France,FRA,2000,7.586
France,FRA,2001,7.7
France,FRA,2002,7.983
France,FRA,2003,7.984
France,FRA,2004,8.045
France,FRA,2005,8.055
France,FRA,2006,8.03
France,FRA,2007,7.96
France,FRA,2008,8.042
France,FRA,2009,8.639
France,FRA,2010,8.464
France,FRA,2011,8.406
France,FRA,2012,8.542
France,FRA,2013,8.662
France,FRA,2014,8.762
France,FRA,2015,8.714
France,FRA,2016,9.5
France,FRA,2017,9.434
France,FRA,2018,9.341
France,FRA,2019,9.256
France,FRA,2020,10.221
France,FRA,2021,10.357
France,FRA,2022,10.002
France,FRA,2023,9.711
France,FRA,2024,9.7
Germany,DEU,1880,0
Germany,DEU,1890,0
Germany,DEU,1900,0
Germany,DEU,1910,0
Germany,DEU,1930,0.06
Germany,DEU,1960,3.1624267
Germany,DEU,1961,3.247294
Germany,DEU,1962,3.348275
Germany,DEU,1963,3.411143
Germany,DEU,1964,3.3989463
Germany,DEU,1965,3.6180744
Germany,DEU,1966,3.9746087
Germany,DEU,1967,4.131154
Germany,DEU,1968,4.304533
Germany,DEU,1969,4.293102
Germany,DEU,1970,4.08
Germany,DEU,1971,4.537
Germany,DEU,1972,4.845
Germany,DEU,1973,5.183
Germany,DEU,1974,5.674
Germany,DEU,1975,6.26
Germany,DEU,1976,6.274
Germany,DEU,1977,6.207
Germany,DEU,1978,6.264
Germany,DEU,1979,6.135
Germany,DEU,1980,6.303
Germany,DEU,1981,6.54
Germany,DEU,1982,6.361
Germany,DEU,1983,6.278
Germany,DEU,1984,6.387
Germany,DEU,1985,6.495
Germany,DEU,1986,6.437
Germany,DEU,1987,6.507
Germany,DEU,1988,6.624
Germany,DEU,1989,6.058
Germany,DEU,1990,6.058
Germany,DEU,1991,6.0839376
Germany,DEU,1992,7.126
Germany,DEU,1993,7.073
Germany,DEU,1994,7.293
Germany,DEU,1995,7.622
Germany,DEU,1996,7.912
Germany,DEU,1997,7.704
Germany,DEU,1998,7.65
Germany,DEU,1999,7.649
Germany,DEU,2000,7.647
Germany,DEU,2001,7.662
Germany,DEU,2002,7.814
Germany,DEU,2003,7.917
Germany,DEU,2004,7.563
Germany,DEU,2005,7.644
Germany,DEU,2006,7.499
Germany,DEU,2007,7.404
Germany,DEU,2008,7.565
Germany,DEU,2009,9.18
Germany,DEU,2010,9.054
Germany,DEU,2011,8.781
Germany,DEU,2012,8.828
Germany,DEU,2013,9.04
Germany,DEU,2014,9.105
Germany,DEU,2015,9.239
Germany,DEU,2016,9.3
Germany,DEU,2017,9.382
Germany,DEU,2018,9.475
Germany,DEU,2019,9.673
Germany,DEU,2020,10.691
Germany,DEU,2021,10.925
Germany,DEU,2022,10.794
Germany,DEU,2023,10.093
Germany,DEU,2024,10.583
Greece,GRC,1880,0
Greece,GRC,1890,0
Greece,GRC,1900,0
Greece,GRC,1910,0
Greece,GRC,1920,0
Greece,GRC,1930,0
Greece,GRC,1960,1.3450247
Greece,GRC,1961,1.2840273
Greece,GRC,1962,1.3695623
Greece,GRC,1963,1.3702279
Greece,GRC,1964,1.5228821
Greece,GRC,1965,1.6185371
Greece,GRC,1966,1.6688735
Greece,GRC,1967,1.6226807
Greece,GRC,1968,1.5651933
Greece,GRC,1969,1.5656205
Greece,GRC,1970,1.5635531
Greece,GRC,1971,1.6636012
Greece,GRC,1972,1.6600189
Greece,GRC,1973,1.5779934
Greece,GRC,1974,1.7248894
Greece,GRC,1975,1.7790686
Greece,GRC,1976,1.9808019
Greece,GRC,1977,2.2084908
Greece,GRC,1978,2.278511
Greece,GRC,1979,2.3122692
Greece,GRC,1980,2.584434
Greece,GRC,1981,2.7450345
Greece,GRC,1982,2.9261498
Greece,GRC,1983,2.946648
Greece,GRC,1984,2.8846686
Greece,GRC,1985,2.857087
Greece,GRC,1986,3.1364744
Greece,GRC,1987,3.0050983
Greece,GRC,1988,3.009
Greece,GRC,1989,3.435
Greece,GRC,1990,3.331
Greece,GRC,1991,3.256
Greece,GRC,1992,3.658
Greece,GRC,1993,4.103
Greece,GRC,1994,4.157
Greece,GRC,1995,4.274
Greece,GRC,1996,4.365
Greece,GRC,1997,4.278
Greece,GRC,1998,4.177
Greece,GRC,1999,4.423
Greece,GRC,2000,4.631
Greece,GRC,2001,5.212
Greece,GRC,2002,5.121
Greece,GRC,2003,5.198
Greece,GRC,2004,4.866
Greece,GRC,2005,5.33
Greece,GRC,2006,5.173
Greece,GRC,2007,5.398
Greece,GRC,2008,5.846
Greece,GRC,2009,6.515
Greece,GRC,2010,6.628
Greece,GRC,2011,6.035
Greece,GRC,2012,5.978
Greece,GRC,2013,5.29
Greece,GRC,2014,4.572
Greece,GRC,2015,4.83
Greece,GRC,2016,5.188
Greece,GRC,2017,4.913
Greece,GRC,2018,4.78
Greece,GRC,2019,4.993
Greece,GRC,2020,5.8
Greece,GRC,2021,5.612
Greece,GRC,2022,5.235
Greece,GRC,2023,5.109
Greece,GRC,2024,4.8
Hungary,HUN,1930,0.07
Hungary,HUN,1991,5.584
Hungary,HUN,1992,5.93
Hungary,HUN,1993,5.95
Hungary,HUN,1994,6.348
Hungary,HUN,1995,5.554
Hungary,HUN,1996,5.341
Hungary,HUN,1997,5.035
Hungary,HUN,1998,4.925
Hungary,HUN,1999,4.896
Hungary,HUN,2000,4.715
Hungary,HUN,2001,4.649
Hungary,HUN,2002,4.952
Hungary,HUN,2003,5.735
Hungary,HUN,2004,5.467
Hungary,HUN,2005,5.65
Hungary,HUN,2006,5.508
Hungary,HUN,2007,4.963
Hungary,HUN,2008,4.885
Hungary,HUN,2009,4.943
Hungary,HUN,2010,5.007
Hungary,HUN,2011,4.983
Hungary,HUN,2012,4.868
Hungary,HUN,2013,4.821
Hungary,HUN,2014,4.723
Hungary,HUN,2015,4.67
Hungary,HUN,2016,4.743
Hungary,HUN,2017,4.639
Hungary,HUN,2018,4.559
Hungary,HUN,2019,4.29
Hungary,HUN,2020,5.119
Hungary,HUN,2021,5.315
Hungary,HUN,2022,4.851
Hungary,HUN,2023,4.694
Hungary,HUN,2024,4.758
Iceland,ISL,1960,1.6771704
Iceland,ISL,1961,2.1820328
Iceland,ISL,1962,2.4369142
Iceland,ISL,1963,2.0512156
Iceland,ISL,1964,2.4299912
Iceland,ISL,1965,2.3207357
Iceland,ISL,1966,2.4865024
Iceland,ISL,1967,3.004127
Iceland,ISL,1968,3.2976391
Iceland,ISL,1969,3.2585025
Iceland,ISL,1970,3.085
Iceland,ISL,1971,3.391
Iceland,ISL,1972,4.075
Iceland,ISL,1973,3.758
Iceland,ISL,1974,4.569
Iceland,ISL,1975,4.916
Iceland,ISL,1976,4.603
Iceland,ISL,1977,4.572
Iceland,ISL,1978,5.052
Iceland,ISL,1979,5.704
Iceland,ISL,1980,5.175
Iceland,ISL,1981,5.32
Iceland,ISL,1982,5.589
Iceland,ISL,1983,6.166
Iceland,ISL,1984,5.635
Iceland,ISL,1985,5.839
Iceland,ISL,1986,6.198
Iceland,ISL,1987,6.411
Iceland,ISL,1988,6.906
Iceland,ISL,1989,6.707
Iceland,ISL,1990,6.416
Iceland,ISL,1991,6.572
Iceland,ISL,1992,6.602
Iceland,ISL,1993,6.557
Iceland,ISL,1994,6.433
Iceland,ISL,1995,6.562
Iceland,ISL,1996,6.562
Iceland,ISL,1997,6.34
Iceland,ISL,1998,6.762
Iceland,ISL,1999,7.176
Iceland,ISL,2000,7.189
Iceland,ISL,2001,7.058
Iceland,ISL,2002,7.653
Iceland,ISL,2003,7.908
Iceland,ISL,2004,7.551
Iceland,ISL,2005,7.247
Iceland,ISL,2006,6.981
Iceland,ISL,2007,6.851
Iceland,ISL,2008,6.86
Iceland,ISL,2009,7.164
Iceland,ISL,2010,6.678
Iceland,ISL,2011,6.615
Iceland,ISL,2012,6.588
Iceland,ISL,2013,6.61
Iceland,ISL,2014,6.685
Iceland,ISL,2015,6.583
Iceland,ISL,2016,6.658
Iceland,ISL,2017,6.826
Iceland,ISL,2018,6.962
Iceland,ISL,2019,7.165
Iceland,ISL,2020,8.052
Iceland,ISL,2021,8.144
Iceland,ISL,2022,7.69
Iceland,ISL,2023,7.28
Iceland,ISL,2024,7.498
India,IND,2000,0.939
India,IND,2001,0.909
India,IND,2002,0.877
India,IND,2003,0.819
India,IND,2004,0.801
India,IND,2005,0.828
India,IND,2006,0.805
India,IND,2007,0.795
India,IND,2008,0.836
India,IND,2009,0.907
India,IND,2010,0.862
India,IND,2011,0.91
India,IND,2012,0.903
India,IND,2013,0.829
India,IND,2014,0.829
India,IND,2015,0.928
India,IND,2016,0.947
India,IND,2017,0.974
India,IND,2018,0.984
India,IND,2019,1.043
India,IND,2020,1.224
India,IND,2021,1.376
India,IND,2022,1.315
Indonesia,IDN,2000,0.585
Indonesia,IDN,2001,0.782
Indonesia,IDN,2002,0.673
Indonesia,IDN,2003,0.813
Indonesia,IDN,2004,0.748
Indonesia,IDN,2005,0.734
Indonesia,IDN,2006,0.834
Indonesia,IDN,2007,1.028
Indonesia,IDN,2008,0.917
Indonesia,IDN,2009,0.949
Indonesia,IDN,2010,0.679
Indonesia,IDN,2011,0.717
Indonesia,IDN,2012,0.781
Indonesia,IDN,2013,0.836
Indonesia,IDN,2014,1.043
Indonesia,IDN,2015,1.159
Indonesia,IDN,2016,1.377
Indonesia,IDN,2017,1.356
Indonesia,IDN,2018,1.396
Indonesia,IDN,2019,1.401
Indonesia,IDN,2020,1.884
Indonesia,IDN,2021,2.263
Indonesia,IDN,2022,1.41
Indonesia,IDN,2023,1.451
Ireland,IRL,1930,0.62
Ireland,IRL,1960,2.4653533
Ireland,IRL,1961,2.4081082
Ireland,IRL,1962,2.4473708
Ireland,IRL,1963,2.5877268
Ireland,IRL,1964,2.72616
Ireland,IRL,1965,2.7320352
Ireland,IRL,1966,2.999406
Ireland,IRL,1967,3.2631612
Ireland,IRL,1968,3.0251255
Ireland,IRL,1969,3.1884825
Ireland,IRL,1970,3.74
Ireland,IRL,1971,3.981
Ireland,IRL,1972,4.21
Ireland,IRL,1973,4.545
Ireland,IRL,1974,5
Ireland,IRL,1975,5.514
Ireland,IRL,1976,5.29
Ireland,IRL,1977,4.941
Ireland,IRL,1978,5.214
Ireland,IRL,1979,5.602
Ireland,IRL,1980,6.065
Ireland,IRL,1981,5.826
Ireland,IRL,1982,5.695
Ireland,IRL,1983,5.596
Ireland,IRL,1984,5.299
Ireland,IRL,1985,5.234
Ireland,IRL,1986,5.093
Ireland,IRL,1987,4.752
Ireland,IRL,1988,4.436
Ireland,IRL,1989,4.261
Ireland,IRL,1990,4.109
Ireland,IRL,1991,4.468
Ireland,IRL,1992,4.703
Ireland,IRL,1993,4.769
Ireland,IRL,1994,4.677
Ireland,IRL,1995,4.526
Ireland,IRL,1996,4.362
Ireland,IRL,1997,4.359
Ireland,IRL,1998,4.23
Ireland,IRL,1999,4.213
Ireland,IRL,2000,4.573
Ireland,IRL,2001,5.014
Ireland,IRL,2002,5.271
Ireland,IRL,2003,5.519
Ireland,IRL,2004,5.698
Ireland,IRL,2005,6.027
Ireland,IRL,2006,5.85
Ireland,IRL,2007,6.186
Ireland,IRL,2008,7.239
Ireland,IRL,2009,8.11
Ireland,IRL,2010,8.014
Ireland,IRL,2011,7.57
Ireland,IRL,2012,7.566
Ireland,IRL,2013,7.128
Ireland,IRL,2014,6.58
Ireland,IRL,2015,5.082
Ireland,IRL,2016,5.295
Ireland,IRL,2017,5.02
Ireland,IRL,2018,4.966
Ireland,IRL,2019,4.886
Ireland,IRL,2020,5.412
Ireland,IRL,2021,4.939
Ireland,IRL,2022,4.606
Ireland,IRL,2023,5.036
Ireland,IRL,2024,5.323
Israel,ISR,1995,4.484
Israel,ISR,1996,4.672
Israel,ISR,1997,4.719
Israel,ISR,1998,4.42
Israel,ISR,1999,4.254
Israel,ISR,2000,4.161
Israel,ISR,2001,4.387
Israel,ISR,2002,4.422
Israel,ISR,2003,4.282
Israel,ISR,2004,4.199
Israel,ISR,2005,4.125
Israel,ISR,2006,4.176
Israel,ISR,2007,4.043
Israel,ISR,2008,4.171
Israel,ISR,2009,4.205
Israel,ISR,2010,4.302
Israel,ISR,2011,4.26
Israel,ISR,2012,4.346
Israel,ISR,2013,4.402
Israel,ISR,2014,4.438
Israel,ISR,2015,4.452
Israel,ISR,2016,4.495
Israel,ISR,2017,4.582
Israel,ISR,2018,4.679
Israel,ISR,2019,4.671
Israel,ISR,2020,5.26
Israel,ISR,2021,5.178
Israel,ISR,2022,4.423
Israel,ISR,2023,4.631
Israel,ISR,2024,5.2
Italy,ITA,1880,0
Italy,ITA,1890,0
Italy,ITA,1900,0
Italy,ITA,1910,0
Italy,ITA,1920,0
Italy,ITA,1930,0
Italy,ITA,1960,2.739414
Italy,ITA,1961,2.8173454
Italy,ITA,1962,2.816886
Italy,ITA,1963,3.0663552
Italy,ITA,1964,3.271102
Italy,ITA,1965,3.4724085
Italy,ITA,1966,3.608011
Italy,ITA,1967,3.751212
Italy,ITA,1968,3.820313
Italy,ITA,1969,3.8856175
Italy,ITA,1970,4.0845165
Italy,ITA,1971,4.478122
Italy,ITA,1972,4.82423
Italy,ITA,1973,4.7764344
Italy,ITA,1974,4.7900124
Italy,ITA,1975,4.7802644
Italy,ITA,1976,4.757458
Italy,ITA,1977,4.464875
Italy,ITA,1978,4.749881
Italy,ITA,1979,4.767698
Italy,ITA,1980,5.086649
Italy,ITA,1981,4.860184
Italy,ITA,1982,4.9570036
Italy,ITA,1983,5.0459456
Italy,ITA,1984,4.8685284
Italy,ITA,1985,4.9474754
Italy,ITA,1986,4.8100967
Italy,ITA,1987,5.2091427
Italy,ITA,1988,5.377
Italy,ITA,1989,5.298
Italy,ITA,1990,5.672
Italy,ITA,1991,5.85
Italy,ITA,1992,5.722
Italy,ITA,1993,5.537
Italy,ITA,1994,5.263
Italy,ITA,1995,4.869
Italy,ITA,1996,4.943
Italy,ITA,1997,5.123
Italy,ITA,1998,5.106
Italy,ITA,1999,5.181
Italy,ITA,2000,5.482
Italy,ITA,2001,5.754
Italy,ITA,2002,5.874
Italy,ITA,2003,5.881
Italy,ITA,2004,6.204
Italy,ITA,2005,6.439
Italy,ITA,2006,6.529
Italy,ITA,2007,6.278
Italy,ITA,2008,6.604
Italy,ITA,2009,6.979
Italy,ITA,2010,6.966
Italy,ITA,2011,6.722
Italy,ITA,2012,6.63
Italy,ITA,2013,6.608
Italy,ITA,2014,6.639
Italy,ITA,2015,6.547
Italy,ITA,2016,6.448
Italy,ITA,2017,6.372
Italy,ITA,2018,6.349
Italy,ITA,2019,6.31
Italy,ITA,2020,7.252
Italy,ITA,2021,6.917
Italy,ITA,2022,6.524
Italy,ITA,2023,6.143
Italy,ITA,2024,6.27
Japan,JPN,1880,0.03
Japan,JPN,1890,0.07
Japan,JPN,1900,0.1
Japan,JPN,1910,0.1
Japan,JPN,1920,0.1
Japan,JPN,1930,0.12
Japan,JPN,1960,1.6989075
Japan,JPN,1961,1.9403656
Japan,JPN,1962,2.051802
Japan,JPN,1963,2.2035673
Japan,JPN,1964,2.3178635
Japan,JPN,1965,2.5685372
Japan,JPN,1966,2.567937
Japan,JPN,1967,2.6484675
Japan,JPN,1968,2.6434484
Japan,JPN,1969,2.598613
Japan,JPN,1970,2.981
Japan,JPN,1971,2.879
Japan,JPN,1972,3.033
Japan,JPN,1973,3.004
Japan,JPN,1974,3.552
Japan,JPN,1975,3.816
Japan,JPN,1976,3.98
Japan,JPN,1977,3.953
Japan,JPN,1978,4.269
Japan,JPN,1979,4.26
Japan,JPN,1980,4.359
Japan,JPN,1981,4.4
Japan,JPN,1982,4.503
Japan,JPN,1983,4.663
Japan,JPN,1984,4.546
Japan,JPN,1985,4.493
Japan,JPN,1986,4.555
Japan,JPN,1987,4.618
Japan,JPN,1988,4.51
Japan,JPN,1989,4.439
Japan,JPN,1990,4.392
Japan,JPN,1991,4.444
Japan,JPN,1992,4.623
Japan,JPN,1993,4.923
Japan,JPN,1994,5.081
Japan,JPN,1995,5.046
Japan,JPN,1996,4.915
Japan,JPN,1997,5.08
Japan,JPN,1998,5.214
Japan,JPN,1999,5.496
Japan,JPN,2000,5.658
Japan,JPN,2001,5.861
Japan,JPN,2002,5.937
Japan,JPN,2003,5.987
Japan,JPN,2004,6.049
Japan,JPN,2005,6.216
Japan,JPN,2006,6.174
Japan,JPN,2007,6.321
Japan,JPN,2008,6.566
Japan,JPN,2009,7.283
Japan,JPN,2010,7.425
Japan,JPN,2011,8.783
Japan,JPN,2012,8.957
Japan,JPN,2013,8.994
Japan,JPN,2014,9.025
Japan,JPN,2015,9.039
Japan,JPN,2016,8.957
Japan,JPN,2017,8.974
Japan,JPN,2018,8.997
Japan,JPN,2019,9.211
Japan,JPN,2020,9.781
Japan,JPN,2021,10.422
Japan,JPN,2022,10.599
Japan,JPN,2023,9.11
Japan,JPN,2024,9
Latvia,LVA,2000,2.828
Latvia,LVA,2001,2.871
Latvia,LVA,2002,2.952
Latvia,LVA,2003,2.858
Latvia,LVA,2004,3.637
Latvia,LVA,2005,3.387
Latvia,LVA,2006,3.705
Latvia,LVA,2007,3.542
Latvia,LVA,2008,3.539
Latvia,LVA,2009,3.739
Latvia,LVA,2010,3.746
Latvia,LVA,2011,3.758
Latvia,LVA,2012,3.392
Latvia,LVA,2013,3.363
Latvia,LVA,2014,3.38
Latvia,LVA,2015,3.431
Latvia,LVA,2016,3.549
Latvia,LVA,2017,3.547
Latvia,LVA,2018,3.837
Latvia,LVA,2019,4.126
Latvia,LVA,2020,4.774
Latvia,LVA,2021,6.537
Latvia,LVA,2022,5.261
Latvia,LVA,2023,4.295
Latvia,LVA,2024,4.5
Lithuania,LTU,2000,4.238
Lithuania,LTU,2001,4.295
Lithuania,LTU,2002,4.536
Lithuania,LTU,2003,4.656
Lithuania,LTU,2004,3.649
Lithuania,LTU,2005,3.767
Lithuania,LTU,2006,3.96
Lithuania,LTU,2007,4.095
Lithuania,LTU,2008,4.481
Lithuania,LTU,2009,5.322
Lithuania,LTU,2010,4.952
Lithuania,LTU,2011,4.643
Lithuania,LTU,2012,4.247
Lithuania,LTU,2013,4.078
Lithuania,LTU,2014,4.204
Lithuania,LTU,2015,4.347
Lithuania,LTU,2016,4.428
Lithuania,LTU,2017,4.275
Lithuania,LTU,2018,4.346
Lithuania,LTU,2019,4.61
Lithuania,LTU,2020,5.204
Lithuania,LTU,2021,5.318
Lithuania,LTU,2022,4.82
Lithuania,LTU,2023,4.927
Lithuania,LTU,2024,4.637
Luxembourg,LUX,1975,3.6389055
Luxembourg,LUX,1976,3.682
Luxembourg,LUX,1977,3.988
Luxembourg,LUX,1978,4.243
Luxembourg,LUX,1979,4.341
Luxembourg,LUX,1980,4.433
Luxembourg,LUX,1981,4.551
Luxembourg,LUX,1982,4.438
Luxembourg,LUX,1983,4.163
Luxembourg,LUX,1984,4.079
Luxembourg,LUX,1985,4.139
Luxembourg,LUX,1986,4.132
Luxembourg,LUX,1987,4.691
Luxembourg,LUX,1988,4.879
Luxembourg,LUX,1989,4.751
Luxembourg,LUX,1990,4.941
Luxembourg,LUX,1991,4.735
Luxembourg,LUX,1992,4.961
Luxembourg,LUX,1993,5.028
Luxembourg,LUX,1994,4.837
Luxembourg,LUX,1995,5.101
Luxembourg,LUX,1996,5.166
Luxembourg,LUX,1997,4.896
Luxembourg,LUX,1998,5.03
Luxembourg,LUX,1999,5.038
Luxembourg,LUX,2000,4.857
Luxembourg,LUX,2001,5.28
Luxembourg,LUX,2002,5.614
Luxembourg,LUX,2003,5.77
Luxembourg,LUX,2004,6.067
Luxembourg,LUX,2005,5.927
Luxembourg,LUX,2006,5.495
Luxembourg,LUX,2007,5.184
Luxembourg,LUX,2008,5.441
Luxembourg,LUX,2009,5.959
Luxembourg,LUX,2010,5.657
Luxembourg,LUX,2011,4.95
Luxembourg,LUX,2012,4.386
Luxembourg,LUX,2013,4.35
Luxembourg,LUX,2014,4.366
Luxembourg,LUX,2015,4.251
Luxembourg,LUX,2016,4.24
Luxembourg,LUX,2017,4.311
Luxembourg,LUX,2018,4.434
Luxembourg,LUX,2019,4.644
Luxembourg,LUX,2020,4.988
Luxembourg,LUX,2021,4.832
Luxembourg,LUX,2022,4.83
Luxembourg,LUX,2023,4.85
Luxembourg,LUX,2024,5.054
Malta,MLT,2016,5.651
Malta,MLT,2017,5.491
Malta,MLT,2018,5.428
Malta,MLT,2019,5.719
Malta,MLT,2020,7.163
Malta,MLT,2021,7.131
Malta,MLT,2022,6.577
Mexico,MEX,1880,0
Mexico,MEX,1890,0
Mexico,MEX,1900,0
Mexico,MEX,1910,0
Mexico,MEX,1920,0
Mexico,MEX,1930,0
Mexico,MEX,1999,1.957
Mexico,MEX,2000,1.919
Mexico,MEX,2001,2.005
Mexico,MEX,2002,2.062
Mexico,MEX,2003,2.3
Mexico,MEX,2004,2.47
Mexico,MEX,2005,2.357
Mexico,MEX,2006,2.315
Mexico,MEX,2007,2.413
Mexico,MEX,2008,2.5
Mexico,MEX,2009,2.729
Mexico,MEX,2010,2.757
Mexico,MEX,2011,2.799
Mexico,MEX,2012,2.878
Mexico,MEX,2013,2.998
Mexico,MEX,2014,2.788
Mexico,MEX,2015,2.885
Mexico,MEX,2016,2.761
Mexico,MEX,2017,2.684
Mexico,MEX,2018,2.6
Mexico,MEX,2019,2.607
Mexico,MEX,2020,3.202
Mexico,MEX,2021,2.951
Mexico,MEX,2022,2.963
Mexico,MEX,2023,2.9
Mexico,MEX,2024,3
Netherlands,NLD,1880,0
Netherlands,NLD,1890,0
Netherlands,NLD,1900,0
Netherlands,NLD,1910,0
Netherlands,NLD,1920,0
Netherlands,NLD,1930,0
Netherlands,NLD,1960,1.0508468
Netherlands,NLD,1961,1.3513184
Netherlands,NLD,1962,1.7031373
Netherlands,NLD,1963,2.1305187
Netherlands,NLD,1964,2.2204757
Netherlands,NLD,1965,2.4384599
Netherlands,NLD,1966,2.746069
Netherlands,NLD,1967,3.0694094
Netherlands,NLD,1968,3.3520641
Netherlands,NLD,1969,3.7079728
Netherlands,NLD,1970,4.0881677
Netherlands,NLD,1971,3.9698436
Netherlands,NLD,1972,3.823
Netherlands,NLD,1973,3.884
Netherlands,NLD,1974,4.087
Netherlands,NLD,1975,4.423
Netherlands,NLD,1976,4.382
Netherlands,NLD,1977,4.476
Netherlands,NLD,1978,4.578
Netherlands,NLD,1979,4.669
Netherlands,NLD,1980,4.761
Netherlands,NLD,1981,4.856
Netherlands,NLD,1982,5.066
Netherlands,NLD,1983,5.022
Netherlands,NLD,1984,4.826
Netherlands,NLD,1985,4.787
Netherlands,NLD,1986,4.68
Netherlands,NLD,1987,4.791
Netherlands,NLD,1988,4.701
Netherlands,NLD,1989,4.91
Netherlands,NLD,1990,4.971
Netherlands,NLD,1991,5.211
Netherlands,NLD,1992,5.624
Netherlands,NLD,1993,5.772
Netherlands,NLD,1994,5.616
Netherlands,NLD,1995,5.472
Netherlands,NLD,1996,5.032
Netherlands,NLD,1997,4.991
Netherlands,NLD,1998,5.391
Netherlands,NLD,1999,5.356
Netherlands,NLD,2000,5.319
Netherlands,NLD,2001,5.6
Netherlands,NLD,2002,6.031
Netherlands,NLD,2003,6.329
Netherlands,NLD,2004,6.223
Netherlands,NLD,2005,6.199
Netherlands,NLD,2006,7.567
Netherlands,NLD,2007,7.567
Netherlands,NLD,2008,7.621
Netherlands,NLD,2009,8.242
Netherlands,NLD,2010,8.417
Netherlands,NLD,2011,8.386
Netherlands,NLD,2012,8.585
Netherlands,NLD,2013,8.522
Netherlands,NLD,2014,8.479
Netherlands,NLD,2015,8.291
Netherlands,NLD,2016,8.22
Netherlands,NLD,2017,8.117
Netherlands,NLD,2018,8.088
Netherlands,NLD,2019,8.227
Netherlands,NLD,2020,9.304
Netherlands,NLD,2021,9.332
Netherlands,NLD,2022,8.307
Netherlands,NLD,2023,8.13
Netherlands,NLD,2024,8.322
New Zealand,NZL,1880,0.17
New Zealand,NZL,1890,0.39
New Zealand,NZL,1900,0.51
New Zealand,NZL,1910,0.72
New Zealand,NZL,1920,1.07
New Zealand,NZL,1930,1.13
New Zealand,NZL,1960,3.4590027
New Zealand,NZL,1961,3.6299329
New Zealand,NZL,1962,3.6355205
New Zealand,NZL,1963,3.551698
New Zealand,NZL,1964,3.5694408
New Zealand,NZL,1965,3.654868
New Zealand,NZL,1966,3.8533766
New Zealand,NZL,1967,3.851404
New Zealand,NZL,1968,3.877347
New Zealand,NZL,1969,3.8908553
New Zealand,NZL,1970,4.155
New Zealand,NZL,1971,3.822
New Zealand,NZL,1972,3.977
New Zealand,NZL,1973,3.967
New Zealand,NZL,1974,4.431
New Zealand,NZL,1975,4.813
New Zealand,NZL,1976,4.533
New Zealand,NZL,1977,4.833
New Zealand,NZL,1978,5.206
New Zealand,NZL,1979,5.301
New Zealand,NZL,1980,5.05
New Zealand,NZL,1981,5.387
New Zealand,NZL,1982,5.108
New Zealand,NZL,1983,5.007
New Zealand,NZL,1984,4.673
New Zealand,NZL,1985,4.294
New Zealand,NZL,1986,4.347
New Zealand,NZL,1987,4.859
New Zealand,NZL,1988,5.248
New Zealand,NZL,1989,5.386
New Zealand,NZL,1990,5.495
New Zealand,NZL,1991,5.84
New Zealand,NZL,1992,5.713
New Zealand,NZL,1993,5.307
New Zealand,NZL,1994,5.375
New Zealand,NZL,1995,5.362
New Zealand,NZL,1996,5.284
New Zealand,NZL,1997,5.486
New Zealand,NZL,1998,5.788
New Zealand,NZL,1999,5.732
New Zealand,NZL,2000,5.828
New Zealand,NZL,2001,5.792
New Zealand,NZL,2002,6.154
New Zealand,NZL,2003,6.049
New Zealand,NZL,2004,6.292
New Zealand,NZL,2005,6.592
New Zealand,NZL,2006,6.917
New Zealand,NZL,2007,6.863
New Zealand,NZL,2008,7.36
New Zealand,NZL,2009,7.78
New Zealand,NZL,2010,7.767
New Zealand,NZL,2011,7.691
New Zealand,NZL,2012,7.754
New Zealand,NZL,2013,7.489
New Zealand,NZL,2014,7.473
New Zealand,NZL,2015,7.326
New Zealand,NZL,2016,7.261
New Zealand,NZL,2017,7.043
New Zealand,NZL,2018,7.157
New Zealand,NZL,2019,7.22
New Zealand,NZL,2020,7.738
New Zealand,NZL,2021,8.108
New Zealand,NZL,2022,9.021
New Zealand,NZL,2023,8.76
New Zealand,NZL,2024,8.9
Norway,NOR,1880,0.22
Norway,NOR,1890,0.11
Norway,NOR,1900,0.28
Norway,NOR,1910,0.27
Norway,NOR,1920,0.31
Norway,NOR,1930,0.64
Norway,NOR,1960,2.0319924
Norway,NOR,1961,2.1476128
Norway,NOR,1962,2.3030438
Norway,NOR,1963,2.4495919
Norway,NOR,1964,2.5327091
Norway,NOR,1965,2.5194361
Norway,NOR,1966,2.8240757
Norway,NOR,1967,2.9043038
Norway,NOR,1968,3.0185983
Norway,NOR,1969,3.2502742
Norway,NOR,1970,3.625
Norway,NOR,1971,3.79
Norway,NOR,1972,4.397
Norway,NOR,1973,4.5
Norway,NOR,1974,4.513
Norway,NOR,1975,4.975
Norway,NOR,1976,5.168
Norway,NOR,1977,5.442
Norway,NOR,1978,5.604
Norway,NOR,1979,5.282
Norway,NOR,1980,5.312
Norway,NOR,1981,5.346
Norway,NOR,1982,5.469
Norway,NOR,1983,5.627
Norway,NOR,1984,5.327
Norway,NOR,1985,5.275
Norway,NOR,1986,5.691
Norway,NOR,1987,5.992
Norway,NOR,1988,5.888
Norway,NOR,1989,5.632
Norway,NOR,1990,5.858
Norway,NOR,1991,6.174
Norway,NOR,1992,6.342
Norway,NOR,1993,6.225
Norway,NOR,1994,6.155
Norway,NOR,1995,6.098
Norway,NOR,1996,6.018
Norway,NOR,1997,6.244
Norway,NOR,1998,6.852
Norway,NOR,1999,6.878
Norway,NOR,2000,6.292
Norway,NOR,2001,6.632
Norway,NOR,2002,7.445
Norway,NOR,2003,7.646
Norway,NOR,2004,7.302
Norway,NOR,2005,6.892
Norway,NOR,2006,6.569
Norway,NOR,2007,6.71
Norway,NOR,2008,6.659
Norway,NOR,2009,7.627
Norway,NOR,2010,7.501
Norway,NOR,2011,7.374
Norway,NOR,2012,7.392
Norway,NOR,2013,7.545
Norway,NOR,2014,7.917
Norway,NOR,2015,8.611
Norway,NOR,2016,8.991
Norway,NOR,2017,8.708
Norway,NOR,2018,8.536
Norway,NOR,2019,8.947
Norway,NOR,2020,9.821
Norway,NOR,2021,8.431
Norway,NOR,2022,6.776
Norway,NOR,2023,8.1
Norway,NOR,2024,8.3
Peru,PER,2002,2.537
Peru,PER,2003,2.404
Peru,PER,2004,2.354
Peru,PER,2005,2.62
Peru,PER,2006,2.228
Peru,PER,2007,2.155
Peru,PER,2008,2.179
Peru,PER,2009,2.548
Peru,PER,2010,2.454
Peru,PER,2011,2.314
Peru,PER,2012,2.49
Peru,PER,2013,2.652
Peru,PER,2014,2.942
Peru,PER,2015,3.004
Peru,PER,2016,3.041
Peru,PER,2017,3.018
Peru,PER,2018,3.154
Peru,PER,2019,3.243
Peru,PER,2020,4.349
Peru,PER,2021,4.461
Peru,PER,2022,3.911
Poland,POL,1920,0
Poland,POL,1930,0
Poland,POL,1990,3.921
Poland,POL,1991,4.159
Poland,POL,1992,4.243
Poland,POL,1993,3.91
Poland,POL,1994,3.615
Poland,POL,1995,3.601
Poland,POL,1996,3.85
Poland,POL,1997,3.512
Poland,POL,1998,3.445
Poland,POL,1999,3.807
Poland,POL,2000,3.627
Poland,POL,2001,4.006
Poland,POL,2002,4.26
Poland,POL,2003,4.104
Poland,POL,2004,3.957
Poland,POL,2005,3.977
Poland,POL,2006,4.003
Poland,POL,2007,4.109
Poland,POL,2008,4.552
Poland,POL,2009,4.708
Poland,POL,2010,4.613
Poland,POL,2011,4.426
Poland,POL,2012,4.363
Poland,POL,2013,4.557
Poland,POL,2014,4.44
Poland,POL,2015,4.439
Poland,POL,2016,4.524
Poland,POL,2017,4.529
Poland,POL,2018,4.469
Poland,POL,2019,4.586
Poland,POL,2020,4.645
Poland,POL,2021,4.613
Poland,POL,2022,4.665
Poland,POL,2023,5.62
Poland,POL,2024,6.291
Portugal,PRT,1880,0
Portugal,PRT,1890,0
Portugal,PRT,1900,0
Portugal,PRT,1910,0
Portugal,PRT,1920,0
Portugal,PRT,1930,0
Portugal,PRT,1960,0.63107055
Portugal,PRT,1961,0.65248376
Portugal,PRT,1962,0.66185445
Portugal,PRT,1963,0.8076404
Portugal,PRT,1964,0.6594723
Portugal,PRT,1965,0.83251834
Portugal,PRT,1966,0.8910139
Portugal,PRT,1967,0.91182494
Portugal,PRT,1968,1.1656222
Portugal,PRT,1969,1.3487945
Portugal,PRT,1970,1.276
Portugal,PRT,1971,1.419
Portugal,PRT,1972,1.739
Portugal,PRT,1973,1.902
Portugal,PRT,1974,2.128
Portugal,PRT,1975,2.72
Portugal,PRT,1976,2.974
Portugal,PRT,1977,2.801
Portugal,PRT,1978,2.749
Portugal,PRT,1979,2.764
Portugal,PRT,1980,2.989
Portugal,PRT,1981,3.098
Portugal,PRT,1982,2.741
Portugal,PRT,1983,2.42
Portugal,PRT,1984,2.454
Portugal,PRT,1985,2.874
Portugal,PRT,1986,3.053
Portugal,PRT,1987,2.917
Portugal,PRT,1988,3.185
Portugal,PRT,1989,2.903
Portugal,PRT,1990,3.581
Portugal,PRT,1991,3.75
Portugal,PRT,1992,3.627
Portugal,PRT,1993,4.008
Portugal,PRT,1994,3.992
Portugal,PRT,1995,4.426
Portugal,PRT,1996,4.776
Portugal,PRT,1997,4.776
Portugal,PRT,1998,4.875
Portugal,PRT,1999,5.069
Portugal,PRT,2000,6.002
Portugal,PRT,2001,6.058
Portugal,PRT,2002,6.329
Portugal,PRT,2003,6.446
Portugal,PRT,2004,6.73
Portugal,PRT,2005,6.848
Portugal,PRT,2006,5.938
Portugal,PRT,2007,5.806
Portugal,PRT,2008,5.994
Portugal,PRT,2009,6.469
Portugal,PRT,2010,6.669
Portugal,PRT,2011,6.274
Portugal,PRT,2012,5.913
Portugal,PRT,2013,5.857
Portugal,PRT,2014,5.769
Portugal,PRT,2015,5.761
Portugal,PRT,2016,5.796
Portugal,PRT,2017,5.711
Portugal,PRT,2018,5.768
Portugal,PRT,2019,5.786
Portugal,PRT,2020,6.765
Portugal,PRT,2021,7.015
Portugal,PRT,2022,6.584
Portugal,PRT,2023,6.168
Portugal,PRT,2024,6.37
Romania,ROU,1880,0
Romania,ROU,1890,0
Romania,ROU,1900,0
Romania,ROU,1910,0
Romania,ROU,1920,0.001
Romania,ROU,1930,0.003
Romania,ROU,2003,4.537
Romania,ROU,2004,4.075
Romania,ROU,2005,4.444
Romania,ROU,2006,4.029
Romania,ROU,2007,4.107
Romania,ROU,2008,4.09
Romania,ROU,2009,4.155
Romania,ROU,2010,4.507
Romania,ROU,2011,3.368
Romania,ROU,2012,3.469
Romania,ROU,2013,4.145
Romania,ROU,2014,3.972
Romania,ROU,2015,3.857
Romania,ROU,2016,3.979
Romania,ROU,2017,4.081
Romania,ROU,2018,4.397
Romania,ROU,2019,4.585
Romania,ROU,2020,4.984
Romania,ROU,2021,5.054
Romania,ROU,2022,4.51
Romania,ROU,2023,4.426
Slovakia,SVK,1997,5.149
Slovakia,SVK,1998,5.059
Slovakia,SVK,1999,4.941
Slovakia,SVK,2000,4.732
Slovakia,SVK,2001,4.758
Slovakia,SVK,2002,4.91
Slovakia,SVK,2003,4.814
Slovakia,SVK,2004,5.038
Slovakia,SVK,2005,4.981
Slovakia,SVK,2006,4.795
Slovakia,SVK,2007,4.973
Slovakia,SVK,2008,5.245
Slovakia,SVK,2009,5.844
Slovakia,SVK,2010,5.516
Slovakia,SVK,2011,5.397
Slovakia,SVK,2012,5.433
Slovakia,SVK,2013,5.551
Slovakia,SVK,2014,5.508
Slovakia,SVK,2015,5.374
Slovakia,SVK,2016,5.579
Slovakia,SVK,2017,5.383
Slovakia,SVK,2018,5.318
Slovakia,SVK,2019,5.515
Slovakia,SVK,2020,5.667
Slovakia,SVK,2021,6.083
Slovakia,SVK,2022,6.153
Slovakia,SVK,2023,5.805
Slovakia,SVK,2024,6.8
Slovenia,SVN,2000,5.726
Slovenia,SVN,2001,5.685
Slovenia,SVN,2002,5.955
Slovenia,SVN,2003,5.953
Slovenia,SVN,2004,5.874
Slovenia,SVN,2005,5.918
Slovenia,SVN,2006,5.753
Slovenia,SVN,2007,5.393
Slovenia,SVN,2008,5.806
Slovenia,SVN,2009,6.315
Slovenia,SVN,2010,6.343
Slovenia,SVN,2011,6.315
Slovenia,SVN,2012,6.327
Slovenia,SVN,2013,6.31
Slovenia,SVN,2014,6.105
Slovenia,SVN,2015,6.173
Slovenia,SVN,2016,6.232
Slovenia,SVN,2017,5.963
Slovenia,SVN,2018,6.082
Slovenia,SVN,2019,6.234
Slovenia,SVN,2020,6.943
Slovenia,SVN,2021,7.029
Slovenia,SVN,2022,7.121
Slovenia,SVN,2023,6.843
Slovenia,SVN,2024,8.59
South Africa,ZAF,2000,2.685
South Africa,ZAF,2001,2.403
South Africa,ZAF,2002,2.306
South Africa,ZAF,2003,2.791
South Africa,ZAF,2004,2.732
South Africa,ZAF,2005,2.745
South Africa,ZAF,2006,2.837
South Africa,ZAF,2007,2.919
South Africa,ZAF,2008,2.998
South Africa,ZAF,2009,3.381
South Africa,ZAF,2010,3.572
South Africa,ZAF,2011,3.692
South Africa,ZAF,2012,3.696
South Africa,ZAF,2013,3.699
South Africa,ZAF,2014,3.64
South Africa,ZAF,2015,3.753
South Africa,ZAF,2016,3.751
South Africa,ZAF,2017,3.745
South Africa,ZAF,2018,3.781
South Africa,ZAF,2019,3.937
South Africa,ZAF,2020,4.357
South Africa,ZAF,2021,4.105
South Africa,ZAF,2022,4.006
South Korea,KOR,1970,0.228
South Korea,KOR,1971,0.276
South Korea,KOR,1972,0.21
South Korea,KOR,1973,0.183
South Korea,KOR,1974,0.165
South Korea,KOR,1975,0.233
South Korea,KOR,1976,0.203
South Korea,KOR,1977,0.268
South Korea,KOR,1978,0.292
South Korea,KOR,1979,0.514
South Korea,KOR,1980,0.667
South Korea,KOR,1981,0.684
South Korea,KOR,1982,0.819
South Korea,KOR,1983,0.914
South Korea,KOR,1984,0.961
South Korea,KOR,1985,1.031
South Korea,KOR,1986,0.929
South Korea,KOR,1987,0.934
South Korea,KOR,1988,1.058
South Korea,KOR,1989,1.233
South Korea,KOR,1990,1.402
South Korea,KOR,1991,1.259
South Korea,KOR,1992,1.322
South Korea,KOR,1993,1.351
South Korea,KOR,1994,1.294
South Korea,KOR,1995,1.372
South Korea,KOR,1996,1.537
South Korea,KOR,1997,1.628
South Korea,KOR,1998,1.848
South Korea,KOR,1999,1.938
South Korea,KOR,2000,2.016
South Korea,KOR,2001,2.365
South Korea,KOR,2002,2.234
South Korea,KOR,2003,2.351
South Korea,KOR,2004,2.346
South Korea,KOR,2005,2.481
South Korea,KOR,2006,2.737
South Korea,KOR,2007,2.822
South Korea,KOR,2008,2.893
South Korea,KOR,2009,3.22
South Korea,KOR,2010,3.291
South Korea,KOR,2011,3.301
South Korea,KOR,2012,3.321
South Korea,KOR,2013,3.392
South Korea,KOR,2014,3.499
South Korea,KOR,2015,3.604
South Korea,KOR,2016,3.749
South Korea,KOR,2017,3.887
South Korea,KOR,2018,4.141
South Korea,KOR,2019,4.547
South Korea,KOR,2020,4.79
South Korea,KOR,2021,5.175
South Korea,KOR,2022,5.621
South Korea,KOR,2023,5.119
South Korea,KOR,2024,5.013
Spain,ESP,1880,0
Spain,ESP,1890,0
Spain,ESP,1900,0
Spain,ESP,1910,0
Spain,ESP,1920,0.001
Spain,ESP,1930,0.004
Spain,ESP,1960,0.73322123
Spain,ESP,1961,0.7113437
Spain,ESP,1962,0.8085103
Spain,ESP,1963,0.79720044
Spain,ESP,1964,0.91809106
Spain,ESP,1965,1.0792985
Spain,ESP,1966,1.196657
Spain,ESP,1967,1.5236958
Spain,ESP,1968,1.5842938
Spain,ESP,1969,1.7822055
Spain,ESP,1970,2.008
Spain,ESP,1971,2.272
Spain,ESP,1972,2.533
Spain,ESP,1973,2.812
Spain,ESP,1974,2.893
Spain,ESP,1975,3.215
Spain,ESP,1976,3.411
Spain,ESP,1977,3.704
Spain,ESP,1978,3.9
Spain,ESP,1979,3.879
Spain,ESP,1980,3.964
Spain,ESP,1981,4.008
Spain,ESP,1982,4.113
Spain,ESP,1983,4.54
Spain,ESP,1984,4.221
Spain,ESP,1985,4.052
Spain,ESP,1986,3.973
Spain,ESP,1987,4.021
Spain,ESP,1988,4.451
Spain,ESP,1989,4.476
Spain,ESP,1990,4.771
Spain,ESP,1991,4.838
Spain,ESP,1992,5.127
Spain,ESP,1993,5.303
Spain,ESP,1994,5.196
Spain,ESP,1995,5.067
Spain,ESP,1996,5.093
Spain,ESP,1997,5.012
Spain,ESP,1998,4.96
Spain,ESP,1999,4.96
Spain,ESP,2000,4.854
Spain,ESP,2001,4.808
Spain,ESP,2002,4.83
Spain,ESP,2003,5.375
Spain,ESP,2004,5.452
Spain,ESP,2005,5.536
Spain,ESP,2006,5.638
Spain,ESP,2007,5.715
Spain,ESP,2008,6.127
Spain,ESP,2009,6.814
Spain,ESP,2010,6.761
Spain,ESP,2011,6.706
Spain,ESP,2012,6.572
Spain,ESP,2013,6.407
Spain,ESP,2014,6.346
Spain,ESP,2015,6.453
Spain,ESP,2016,6.355
Spain,ESP,2017,6.268
Spain,ESP,2018,6.276
Spain,ESP,2019,6.399
Spain,ESP,2020,7.782
Spain,ESP,2021,7.511
Spain,ESP,2022,7.06
Spain,ESP,2023,6.748
Spain,ESP,2024,6.7
Sweden,SWE,1880,0.12
Sweden,SWE,1890,0.16
Sweden,SWE,1900,0.19
Sweden,SWE,1910,0.31
Sweden,SWE,1920,0.25
Sweden,SWE,1930,0.89
Sweden,SWE,1960,2.510798
Sweden,SWE,1961,2.568042
Sweden,SWE,1962,2.6319265
Sweden,SWE,1963,2.9759336
Sweden,SWE,1964,3.0830958
Sweden,SWE,1965,3.2679865
Sweden,SWE,1966,3.610337
Sweden,SWE,1967,3.8640754
Sweden,SWE,1968,4.2508926
Sweden,SWE,1969,4.3033605
Sweden,SWE,1970,4.553
Sweden,SWE,1971,4.992
Sweden,SWE,1972,5.081
Sweden,SWE,1973,5.039
Sweden,SWE,1974,5.506
Sweden,SWE,1975,5.777
Sweden,SWE,1976,6.03
Sweden,SWE,1977,6.793
Sweden,SWE,1978,6.851
Sweden,SWE,1979,6.766
Sweden,SWE,1980,7.117
Sweden,SWE,1981,7.153
Sweden,SWE,1982,7.208
Sweden,SWE,1983,7.119
Sweden,SWE,1984,6.952
Sweden,SWE,1985,6.494
Sweden,SWE,1986,6.295
Sweden,SWE,1987,6.369
Sweden,SWE,1988,6.265
Sweden,SWE,1989,6.33
Sweden,SWE,1990,5.7
Sweden,SWE,1991,5.566
Sweden,SWE,1992,6.481
Sweden,SWE,1993,6.703
Sweden,SWE,1994,6.357
Sweden,SWE,1995,6.246
Sweden,SWE,1996,6.451
Sweden,SWE,1997,6.2
Sweden,SWE,1998,6.253
Sweden,SWE,1999,6.285
Sweden,SWE,2000,6.266
Sweden,SWE,2001,6.459
Sweden,SWE,2002,6.737
Sweden,SWE,2003,6.895
Sweden,SWE,2004,6.713
Sweden,SWE,2005,6.697
Sweden,SWE,2006,6.606
Sweden,SWE,2007,6.568
Sweden,SWE,2008,6.774
Sweden,SWE,2009,7.228
Sweden,SWE,2010,6.855
Sweden,SWE,2011,8.876
Sweden,SWE,2012,9.126
Sweden,SWE,2013,9.232
Sweden,SWE,2014,9.302
Sweden,SWE,2015,9.163
Sweden,SWE,2016,9.234
Sweden,SWE,2017,9.271
Sweden,SWE,2018,9.398
Sweden,SWE,2019,9.303
Sweden,SWE,2020,9.848
Sweden,SWE,2021,9.716
Sweden,SWE,2022,9.399
Sweden,SWE,2023,9.708
Sweden,SWE,2024,9.689
Switzerland,CHE,1880,0
Switzerland,CHE,1890,0
Switzerland,CHE,1900,0
Switzerland,CHE,1920,0.08
Switzerland,CHE,1930,0.26
Switzerland,CHE,1995,4.786
Switzerland,CHE,1996,5.072
Switzerland,CHE,1997,5.142
Switzerland,CHE,1998,5.223
Switzerland,CHE,1999,5.349
Switzerland,CHE,2000,5.309
Switzerland,CHE,2001,5.617
Switzerland,CHE,2002,6.022
Switzerland,CHE,2003,6.247
Switzerland,CHE,2004,6.296
Switzerland,CHE,2005,6.343
Switzerland,CHE,2006,5.983
Switzerland,CHE,2007,5.879
Switzerland,CHE,2008,6.059
Switzerland,CHE,2009,6.498
Switzerland,CHE,2010,6.484
Switzerland,CHE,2011,6.588
Switzerland,CHE,2012,6.883
Switzerland,CHE,2013,7.112
Switzerland,CHE,2014,7.15
Switzerland,CHE,2015,7.423
Switzerland,CHE,2016,7.628
Switzerland,CHE,2017,7.755
Switzerland,CHE,2018,7.501
Switzerland,CHE,2019,7.729
Switzerland,CHE,2020,8.331
Switzerland,CHE,2021,8.201
Switzerland,CHE,2022,7.925
Switzerland,CHE,2023,7.893
Switzerland,CHE,2024,8.001
Thailand,THA,2000,0.087
Thailand,THA,2001,0.107
Thailand,THA,2002,0.12
Thailand,THA,2003,0.154
Thailand,THA,2004,0.169
Thailand,THA,2005,0.216
Thailand,THA,2006,0.251
Thailand,THA,2007,0.284
Thailand,THA,2008,0.314
Thailand,THA,2009,0.364
Thailand,THA,2010,0.369
Thailand,THA,2011,0.394
Thailand,THA,2012,0.425
Thailand,THA,2013,0.379
Thailand,THA,2014,0.415
Thailand,THA,2015,0.543
Thailand,THA,2016,0.597
Thailand,THA,2017,0.685
Thailand,THA,2018,0.767
Thailand,THA,2019,0.76
Thailand,THA,2020,1.005
Thailand,THA,2021,1.44
Thailand,THA,2022,3.992
Thailand,THA,2023,3.64
Turkey,TUR,1962,0.5208989
Turkey,TUR,1963,0.51669306
Turkey,TUR,1964,0.5549354
Turkey,TUR,1965,0.5673707
Turkey,TUR,1966,0.6154856
Turkey,TUR,1967,0.6253729
Turkey,TUR,1968,0.6653767
Turkey,TUR,1969,0.7481028
Turkey,TUR,1970,0.65876585
Turkey,TUR,1971,0.5031009
Turkey,TUR,1972,0.3461241
Turkey,TUR,1975,0.87162054
Turkey,TUR,1977,0.48735723
Turkey,TUR,1978,0.41043058
Turkey,TUR,1979,0.509
Turkey,TUR,1980,0.694
Turkey,TUR,1981,0.276
Turkey,TUR,1982,0.415
Turkey,TUR,1983,0.365
Turkey,TUR,1984,0.891
Turkey,TUR,1985,0.724
Turkey,TUR,1986,0.725
Turkey,TUR,1987,0.699
Turkey,TUR,1988,1.022
Turkey,TUR,1989,1.293
Turkey,TUR,1990,1.466
Turkey,TUR,1991,1.751
Turkey,TUR,1992,1.838
Turkey,TUR,1993,1.788
Turkey,TUR,1994,1.806
Turkey,TUR,1995,1.72
Turkey,TUR,1996,1.959
Turkey,TUR,1997,2.19
Turkey,TUR,1998,2.522
Turkey,TUR,1999,2.674
Turkey,TUR,2000,2.837
Turkey,TUR,2001,3.287
Turkey,TUR,2002,3.542
Turkey,TUR,2003,3.57
Turkey,TUR,2004,3.52
Turkey,TUR,2005,3.315
Turkey,TUR,2006,3.543
Turkey,TUR,2007,3.603
Turkey,TUR,2008,3.793
Turkey,TUR,2009,4.423
Turkey,TUR,2010,3.916
Turkey,TUR,2011,3.682
Turkey,TUR,2012,3.519
Turkey,TUR,2013,3.425
Turkey,TUR,2014,3.357
Turkey,TUR,2015,3.217
Turkey,TUR,2016,3.361
Turkey,TUR,2017,3.248
Turkey,TUR,2018,3.189
Turkey,TUR,2019,3.387
Turkey,TUR,2020,3.64
Turkey,TUR,2021,3.594
Turkey,TUR,2022,2.783
Turkey,TUR,2023,3.246
Turkey,TUR,2024,3.7
Ukraine,UKR,2000,2.508
Ukraine,UKR,2001,2.697
Ukraine,UKR,2002,2.958
Ukraine,UKR,2003,3.515
Ukraine,UKR,2004,3.28
Ukraine,UKR,2005,3.589
Ukraine,UKR,2006,3.735
Ukraine,UKR,2007,3.434
Ukraine,UKR,2008,3.076
Ukraine,UKR,2009,3.714
Ukraine,UKR,2010,3.693
Ukraine,UKR,2011,3.427
Ukraine,UKR,2012,3.743
Ukraine,UKR,2013,3.344
Ukraine,UKR,2014,3.463
Ukraine,UKR,2015,3.755
Ukraine,UKR,2016,3.652
Ukraine,UKR,2017,3.561
Ukraine,UKR,2018,3.529
Ukraine,UKR,2019,3.226
Ukraine,UKR,2020,3.727
Ukraine,UKR,2021,4.276
United Kingdom,GBR,1880,0.13
United Kingdom,GBR,1890,0.16
United Kingdom,GBR,1900,0.29
United Kingdom,GBR,1910,0.32
United Kingdom,GBR,1920,0.56
United Kingdom,GBR,1930,0.64
United Kingdom,GBR,1960,2.9169765
United Kingdom,GBR,1961,2.9713652
United Kingdom,GBR,1962,2.9519587
United Kingdom,GBR,1963,2.9682229
United Kingdom,GBR,1964,2.9650073
United Kingdom,GBR,1965,3.1036625
United Kingdom,GBR,1966,3.2197652
United Kingdom,GBR,1967,3.3869493
United Kingdom,GBR,1968,3.396163
United Kingdom,GBR,1969,3.2992053
United Kingdom,GBR,1970,3.429
United Kingdom,GBR,1971,3.469
United Kingdom,GBR,1972,3.557
United Kingdom,GBR,1973,3.476
United Kingdom,GBR,1974,4.143
United Kingdom,GBR,1975,4.486
United Kingdom,GBR,1976,4.487
United Kingdom,GBR,1977,4.378
United Kingdom,GBR,1978,4.351
United Kingdom,GBR,1979,4.252
United Kingdom,GBR,1980,4.532
United Kingdom,GBR,1981,4.71
United Kingdom,GBR,1982,4.498
United Kingdom,GBR,1983,4.666
United Kingdom,GBR,1984,4.563
United Kingdom,GBR,1985,4.428
United Kingdom,GBR,1986,4.407
United Kingdom,GBR,1987,4.421
United Kingdom,GBR,1988,4.331
United Kingdom,GBR,1989,4.249
United Kingdom,GBR,1990,4.291
United Kingdom,GBR,1991,4.586
United Kingdom,GBR,1992,4.975
United Kingdom,GBR,1993,5.066
United Kingdom,GBR,1994,5.091
United Kingdom,GBR,1995,4.676
United Kingdom,GBR,1996,4.665
United Kingdom,GBR,1997,5.075
United Kingdom,GBR,1998,5.197
United Kingdom,GBR,1999,5.375
United Kingdom,GBR,2000,5.388
United Kingdom,GBR,2001,5.61
United Kingdom,GBR,2002,6.004
United Kingdom,GBR,2003,6.27
United Kingdom,GBR,2004,6.635
United Kingdom,GBR,2005,6.774
United Kingdom,GBR,2006,6.997
United Kingdom,GBR,2007,7.01
United Kingdom,GBR,2008,7.303
United Kingdom,GBR,2009,8.102
United Kingdom,GBR,2010,7.987
United Kingdom,GBR,2011,7.966
United Kingdom,GBR,2012,7.963
United Kingdom,GBR,2013,7.884
United Kingdom,GBR,2014,7.883
United Kingdom,GBR,2015,7.846
United Kingdom,GBR,2016,7.841
United Kingdom,GBR,2017,7.657
United Kingdom,GBR,2018,7.709
United Kingdom,GBR,2019,7.887
United Kingdom,GBR,2020,10.107
United Kingdom,GBR,2021,10.053
United Kingdom,GBR,2022,9.046
United Kingdom,GBR,2023,8.927
United Kingdom,GBR,2024,9.052
United States,USA,1880,0.09
United States,USA,1890,0.14
United States,USA,1900,0.17
United States,USA,1910,0.26
United States,USA,1920,0.4
United States,USA,1930,0.34
United States,USA,1960,1.0984154
United States,USA,1961,1.1650252
United States,USA,1962,1.1832267
United States,USA,1963,1.2263532
United States,USA,1964,1.2247728
United States,USA,1965,1.2415549
United States,USA,1966,1.4939184
United States,USA,1967,1.995259
United States,USA,1968,2.1247892
United States,USA,1969,2.1767628
United States,USA,1970,2.323
United States,USA,1971,2.433
United States,USA,1972,2.491
United States,USA,1973,2.538
United States,USA,1974,2.769
United States,USA,1975,2.988
United States,USA,1976,3.049
United States,USA,1977,3.114
United States,USA,1978,3.14
United States,USA,1979,3.217
United States,USA,1980,3.458
United States,USA,1981,3.579
United States,USA,1982,3.822
United States,USA,1983,3.871
United States,USA,1984,3.786
United States,USA,1985,3.832
United States,USA,1986,3.973
United States,USA,1987,4.101
United States,USA,1988,4.125
United States,USA,1989,4.27
United States,USA,1990,4.541
United States,USA,1991,4.997
United States,USA,1992,5.278
United States,USA,1993,5.525
United States,USA,1994,5.681
United States,USA,1995,5.79
United States,USA,1996,5.773
United States,USA,1997,5.708
United States,USA,1998,5.551
United States,USA,1999,5.494
United States,USA,2000,5.543
United States,USA,2001,5.968
United States,USA,2002,6.326
United States,USA,2003,6.524
United States,USA,2004,6.61
United States,USA,2005,6.63
United States,USA,2006,6.784
United States,USA,2007,6.886
United States,USA,2008,7.197
United States,USA,2009,7.831
United States,USA,2010,7.887
United States,USA,2011,7.875
United States,USA,2012,7.852
United States,USA,2013,7.886
United States,USA,2014,13.329
United States,USA,2015,13.598
United States,USA,2016,13.827
United States,USA,2017,13.795
United States,USA,2018,13.691
United States,USA,2019,13.687
United States,USA,2020,15.635
United States,USA,2021,14.517
United States,USA,2022,13.853
United States,USA,2023,13.92
United States,USA,2024,14.3