Entity,Code,Year,Literacy rate among young men,Literacy rate among young women,World regions according to OWID
Afghanistan,AFG,1979,46,11,
Afghanistan,AFG,2011,62,32,
Afghanistan,AFG,2015,57.73505,25.48416,
Afghanistan,AFG,2021,71,42,
Afghanistan,AFG,2022,83.4,44.17171,
Afghanistan,AFG,2023,,,Asia
Aland Islands,ALA,2023,,,Europe
Albania,ALB,2001,99,99,
Albania,ALB,2008,99,99,
Albania,ALB,2009,94.82,96.61,
Albania,ALB,2011,99,99,
Albania,ALB,2012,99,99,
Albania,ALB,2017,98.58999,99.52556,
Albania,ALB,2005,,99.49,
Albania,ALB,2023,,,Europe
Algeria,DZA,1987,86,62,
Algeria,DZA,2002,94,86,
Algeria,DZA,2006,94,89,
Algeria,DZA,2008,96,92,
Algeria,DZA,2019,64.79,97.9897,
Algeria,DZA,2023,,,Africa
American Samoa,ASM,1980,98,97,
American Samoa,ASM,2023,,,Oceania
Andorra,AND,2023,,,Europe
Angola,AGO,2001,84,63,
Angola,AGO,2014,85,71,
Angola,AGO,2015,83.96919,67.4276,
Angola,AGO,2023,,,Africa
Anguilla,AIA,1984,99,99,
Anguilla,AIA,2023,,,North America
Antigua and Barbuda,ATG,2023,,,North America
Argentina,ARG,1980,96,97,
Argentina,ARG,1991,98,99,
Argentina,ARG,2001,99,99,
Argentina,ARG,2023,,,South America
Armenia,ARM,1989,100,100,
Armenia,ARM,2000,100,100,
Armenia,ARM,2001,100,100,
Armenia,ARM,2011,100,100,
Armenia,ARM,2016,100,100,
Armenia,ARM,2017,100,100,
Armenia,ARM,2020,100,100,
Armenia,ARM,2022,99.64871,99.91656,
Armenia,ARM,2023,,,Asia
Aruba,ABW,2000,99,99,
Aruba,ABW,2010,99,99,
Aruba,ABW,2023,,,North America
Australia,AUS,2023,,,Oceania
Austria,AUT,2023,,,Europe
Austria-Hungary,OWID_AUH,2023,,,Europe
Azerbaijan,AZE,1999,100,100,
Azerbaijan,AZE,2006,100,100,
Azerbaijan,AZE,2007,100,100,
Azerbaijan,AZE,2009,100,100,
Azerbaijan,AZE,2010,100,100,
Azerbaijan,AZE,2011,100,100,
Azerbaijan,AZE,2012,100,100,
Azerbaijan,AZE,2013,100,100,
Azerbaijan,AZE,2014,100,100,
Azerbaijan,AZE,2015,100,100,
Azerbaijan,AZE,2016,100,100,
Azerbaijan,AZE,2017,100,100,
Azerbaijan,AZE,2019,100,100,
Azerbaijan,AZE,2023,100,100,Asia
Bahamas,BHS,2023,,,North America
Bahrain,BHR,1981,90,82,
Bahrain,BHR,1991,97,97,
Bahrain,BHR,2001,97,97,
Bahrain,BHR,2022,99,99,
Bahrain,BHR,2023,99,99,Asia
Bangladesh,BGD,1981,44,27,
Bangladesh,BGD,1991,52,38,
Bangladesh,BGD,2000,100,100,
Bangladesh,BGD,2001,67,60,
Bangladesh,BGD,2007,90.51,77.09,
Bangladesh,BGD,2011,76,80,
Bangladesh,BGD,2012,76,79,
Bangladesh,BGD,2013,84,87,
Bangladesh,BGD,2014,85,86,
Bangladesh,BGD,2015,86,90,
Bangladesh,BGD,2016,91,94,
Bangladesh,BGD,2017,92,94,
Bangladesh,BGD,2018,92,95,
Bangladesh,BGD,2019,94,96,
Bangladesh,BGD,2020,93,96,
Bangladesh,BGD,2021,94,96,
Bangladesh,BGD,2022,92,94,
Bangladesh,BGD,2006,,87.2,
Bangladesh,BGD,2023,,,Asia
Barbados,BRB,1970,100,100,
Barbados,BRB,2012,100,100,
Barbados,BRB,2023,,,North America
Belarus,BLR,1989,100,100,
Belarus,BLR,1999,100,100,
Belarus,BLR,2009,100,100,
Belarus,BLR,2012,100,100,
Belarus,BLR,2019,100,100,
Belarus,BLR,2005,,99.98,
Belarus,BLR,2023,,,Europe
Belgium,BEL,2023,,,Europe
Belize,BLZ,1991,77,78,
Belize,BLZ,2015,97.82818,98.07905,
Belize,BLZ,2006,,95.13,
Belize,BLZ,2011,,96.6,
Belize,BLZ,2023,,,North America
Benin,BEN,1979,46,18,
Benin,BEN,1992,55,27,
Benin,BEN,2001,61.08,31.85,
Benin,BEN,2002,59,33,
Benin,BEN,2006,72.07,39.53,
Benin,BEN,2017,66.79979,50.98536,
Benin,BEN,2019,76.35444,62.76271,
Benin,BEN,2021,70.96799,59.18644,
Benin,BEN,2022,74.60011,67.93813,
Benin,BEN,2023,,,Africa
Bermuda,BMU,2023,,,North America
Bhutan,BTN,2005,80,68,
Bhutan,BTN,2012,90,82,
Bhutan,BTN,2017,93,93,
Bhutan,BTN,2010,,63.34,
Bhutan,BTN,2023,,,Asia
Bolivia,BOL,1976,91,76,
Bolivia,BOL,1992,96,92,
Bolivia,BOL,2000,98.4,96.3,
Bolivia,BOL,2001,98.2,96.5,
Bolivia,BOL,2002,99.1,97.1,
Bolivia,BOL,2003,99.47,96.67,
Bolivia,BOL,2004,99.6,98.6,
Bolivia,BOL,2005,99.3,98.4,
Bolivia,BOL,2006,99.4,97.4,
Bolivia,BOL,2007,99.8,99.1,
Bolivia,BOL,2008,99.4,99,
Bolivia,BOL,2009,99.7,99.1,
Bolivia,BOL,2011,99.3,98.8,
Bolivia,BOL,2012,99.5,99.2,
Bolivia,BOL,2013,99.5,99.2,
Bolivia,BOL,2014,99.7,99.2,
Bolivia,BOL,2015,99.4,99.4,
Bolivia,BOL,2016,99.5,99.3,
Bolivia,BOL,2017,99.4,99.3,
Bolivia,BOL,2018,99.7,99.4,
Bolivia,BOL,2019,99.7,99.4,
Bolivia,BOL,2020,99.6,99.5,
Bolivia,BOL,2021,99.5,99.5,
Bolivia,BOL,2023,,,South America
Bonaire Sint Eustatius and Saba,BES,2023,,,North America
Bosnia and Herzegovina,BIH,1991,99,99,
Bosnia and Herzegovina,BIH,2000,100,100,
Bosnia and Herzegovina,BIH,2013,100,100,
Bosnia and Herzegovina,BIH,2006,,99.82,
Bosnia and Herzegovina,BIH,2023,,,Europe
Botswana,BWA,1991,86,92,
Botswana,BWA,2003,92,96,
Botswana,BWA,2023,,,Africa
Brazil,BRA,1980,83,85,
Brazil,BRA,2000,93,96,
Brazil,BRA,2001,94.7,96.9,
Brazil,BRA,2002,95.1,97.5,
Brazil,BRA,2003,95.6,97.7,
Brazil,BRA,2004,95.7,97.9,
Brazil,BRA,2005,96.1,98.1,
Brazil,BRA,2006,96.8,98.3,
Brazil,BRA,2007,97,98.6,
Brazil,BRA,2008,97.2,98.5,
Brazil,BRA,2009,97.4,98.7,
Brazil,BRA,2010,97,98,
Brazil,BRA,2011,97.9,99.1,
Brazil,BRA,2012,98.2,99,
Brazil,BRA,2013,98.3,99.2,
Brazil,BRA,2014,98.4,99.3,
Brazil,BRA,2015,98.6,99.3,
Brazil,BRA,2016,98.7,99.5,
Brazil,BRA,2017,98.8,99.5,
Brazil,BRA,2018,98.7,99.4,
Brazil,BRA,2019,98.7,99.5,
Brazil,BRA,2020,99,99.5,
Brazil,BRA,2021,99.1,99.5,
Brazil,BRA,2022,99,99.6,
Brazil,BRA,2023,99,99.6,South America
British Indian Ocean Territory,IOT,2023,,,Asia
British Virgin Islands,VGB,2023,,,North America
Brunei,BRN,1981,94,93,
Brunei,BRN,1991,98,98,
Brunei,BRN,2001,99,99,
Brunei,BRN,2011,99,100,
Brunei,BRN,2023,,,Asia
Bulgaria,BGR,2001,98,98,
Bulgaria,BGR,2011,98,98,
Bulgaria,BGR,2023,,,Europe
Burkina Faso,BFA,1975,22,7,
Burkina Faso,BFA,1991,27,14,
Burkina Faso,BFA,1996,25,14,
Burkina Faso,BFA,2003,38,25,
Burkina Faso,BFA,2005,40,26,
Burkina Faso,BFA,2006,40,27,
Burkina Faso,BFA,2007,47,33,
Burkina Faso,BFA,2010,47.04,27.24,
Burkina Faso,BFA,2014,57,44,
Burkina Faso,BFA,2018,64,54,
Burkina Faso,BFA,2019,51,44,
Burkina Faso,BFA,2021,66.64593,58.758,
Burkina Faso,BFA,2022,65.47311,60.56925,
Burkina Faso,BFA,2023,,,Africa
Burundi,BDI,1979,41,21,
Burundi,BDI,1990,59,48,
Burundi,BDI,2000,77,70,
Burundi,BDI,2008,67,57,
Burundi,BDI,2010,82.66,66.51,
Burundi,BDI,2014,85,75,
Burundi,BDI,2016,86.7551,82.08605,
Burundi,BDI,2017,91,86,
Burundi,BDI,2005,,52.83,
Burundi,BDI,2023,,,Africa
Cambodia,KHM,1998,82,71,
Cambodia,KHM,2004,88,79,
Cambodia,KHM,2005,100,67.33,
Cambodia,KHM,2008,89,86,
Cambodia,KHM,2009,88,86,
Cambodia,KHM,2010,80.6,78.02,
Cambodia,KHM,2014,90,90,
Cambodia,KHM,2015,92,93,
Cambodia,KHM,2021,90.30829,93.50569,
Cambodia,KHM,2000,,54.67,
Cambodia,KHM,2023,,,Asia
Cameroon,CMR,1976,80,59,
Cameroon,CMR,2000,88,78,
Cameroon,CMR,2004,81.39,67.65,
Cameroon,CMR,2007,89,77,
Cameroon,CMR,2010,85,76,
Cameroon,CMR,2011,86.92,73.41,
Cameroon,CMR,2018,87.59698,76.3945,
Cameroon,CMR,2006,,64.67,
Cameroon,CMR,2014,,100,
Cameroon,CMR,2023,,,Africa
Canada,CAN,2023,,,North America
Cape Verde,CPV,1990,90,86,
Cape Verde,CPV,2012,98,98,
Cape Verde,CPV,2015,98,99,
Cape Verde,CPV,2023,,,Africa
Cayman Islands,CYM,2007,99,99,
Cayman Islands,CYM,2023,,,North America
Central African Republic,CAF,1975,56,20,
Central African Republic,CAF,1988,63,35,
Central African Republic,CAF,2000,73,49,
Central African Republic,CAF,2019,64.90382,36.67682,
Central African Republic,CAF,2006,,21.51,
Central African Republic,CAF,2010,,27.63,
Central African Republic,CAF,2023,,,Africa
Central and Southern Asia (SDG),,1975,63.08979,35.88069,
Central and Southern Asia (SDG),,1976,63.16943,35.99637,
Central and Southern Asia (SDG),,1977,63.65826,37.11797,
Central and Southern Asia (SDG),,1978,64.04982,38.23392,
Central and Southern Asia (SDG),,1979,64.35557,39.34306,
Central and Southern Asia (SDG),,1980,64.54994,40.34363,
Central and Southern Asia (SDG),,1981,64.62395,41.23879,
Central and Southern Asia (SDG),,1982,64.87071,42.33691,
Central and Southern Asia (SDG),,1983,65.06471,43.46367,
Central and Southern Asia (SDG),,1984,65.18798,44.54084,
Central and Southern Asia (SDG),,1985,65.35568,45.61228,
Central and Southern Asia (SDG),,1986,65.54987,46.6844,
Central and Southern Asia (SDG),,1987,65.81714,47.70883,
Central and Southern Asia (SDG),,1988,68.65796,45.84002,
Central and Southern Asia (SDG),,1989,69.49879,47.43975,
Central and Southern Asia (SDG),,1990,70.41392,49.24991,
Central and Southern Asia (SDG),,1991,71.12513,50.83163,
Central and Southern Asia (SDG),,1992,72.52291,52.2682,
Central and Southern Asia (SDG),,1993,73.86445,53.6906,
Central and Southern Asia (SDG),,1994,74.50486,55.22097,
Central and Southern Asia (SDG),,1995,75.20815,56.90365,
Central and Southern Asia (SDG),,1996,75.8941,58.44146,
Central and Southern Asia (SDG),,1997,76.53233,59.79875,
Central and Southern Asia (SDG),,1998,80.47533,62.4221,
Central and Southern Asia (SDG),,1999,81.09931,64.21235,
Central and Southern Asia (SDG),,2000,81.62344,65.90239,
Central and Southern Asia (SDG),,2001,82.06134,67.50308,
Central and Southern Asia (SDG),,2002,82.56851,69.10661,
Central and Southern Asia (SDG),,2003,83.6186,70.32368,
Central and Southern Asia (SDG),,2004,84.02438,71.84613,
Central and Southern Asia (SDG),,2005,85.62037,72.0607,
Central and Southern Asia (SDG),,2006,84.61482,73.06606,
Central and Southern Asia (SDG),,2007,84.8928,74.62511,
Central and Southern Asia (SDG),,2008,85.80285,76.26355,
Central and Southern Asia (SDG),,2009,86.28822,77.79943,
Central and Southern Asia (SDG),,2010,87.72251,79.15094,
Central and Southern Asia (SDG),,2011,87.85644,80.23454,
Central and Southern Asia (SDG),,2012,88.13688,81.02616,
Central and Southern Asia (SDG),,2013,89.19475,82.70196,
Central and Southern Asia (SDG),,2014,89.51995,83.84325,
Central and Southern Asia (SDG),,2015,90.11613,85.22724,
Central and Southern Asia (SDG),,2016,90.8607,86.58227,
Central and Southern Asia (SDG),,2017,91.27249,87.15818,
Central and Southern Asia (SDG),,2018,91.21208,86.94566,
Central and Southern Asia (SDG),,2019,93.88992,89.33263,
Central and Southern Asia (SDG),,2020,94.12073,89.98798,
Central and Southern Asia (SDG),,2021,94.41743,90.64738,
Central and Southern Asia (SDG),,2022,94.68063,91.34677,
Central and Southern Asia (SDG),,2023,94.92773,91.97111,
Chad,TCD,1993,26,9,
Chad,TCD,2000,56,23,
Chad,TCD,2004,54,31,
Chad,TCD,2016,41,22,
Chad,TCD,2019,56.26247,33.32039,
Chad,TCD,2010,,16.88,
Chad,TCD,2023,,,Africa
Chile,CHL,1982,96,97,
Chile,CHL,1992,98,99,
Chile,CHL,2000,98.9,99.3,
Chile,CHL,2002,99,99,
Chile,CHL,2003,98.9,99.4,
Chile,CHL,2006,98.9,99.3,
Chile,CHL,2009,99.2,99.5,
Chile,CHL,2011,99.2,99.6,
Chile,CHL,2013,99,99.1,
Chile,CHL,2015,99.3,99.4,
Chile,CHL,2017,99,99,
Chile,CHL,2022,99.1,99.5,
Chile,CHL,2023,,,South America
China,CHN,1982,95,82,
China,CHN,1990,97,91,
China,CHN,2000,99,99,
China,CHN,2010,100,100,
China,CHN,2020,100,100,
China,CHN,2023,,,Asia
Christmas Island,CXR,2023,,,Asia
Cocos Islands,CCK,2023,,,Asia
Colombia,COL,1993,95,96,
Colombia,COL,1996,96,98,
Colombia,COL,2002,96.9,98,
Colombia,COL,2003,96.7,98.3,
Colombia,COL,2004,97.5,98.4,
Colombia,COL,2005,97.6,98.4,
Colombia,COL,2006,98,98,
Colombia,COL,2007,97,98,
Colombia,COL,2008,97.5,98.4,
Colombia,COL,2009,97.4,98.4,
Colombia,COL,2010,97.8,98.6,
Colombia,COL,2011,97.8,98.8,
Colombia,COL,2012,97.8,98.7,
Colombia,COL,2013,97.8,98.8,
Colombia,COL,2014,98.1,98.9,
Colombia,COL,2015,98.2,98.9,
Colombia,COL,2016,98.3,99,
Colombia,COL,2017,98.3,99,
Colombia,COL,2018,98.7,99.1,
Colombia,COL,2019,98.5,99.2,
Colombia,COL,2020,98.7,99.3,
Colombia,COL,2021,98.8,99.4,
Colombia,COL,2022,98.6,99.2,
Colombia,COL,2023,98.7,99.2,South America
Colombia,COL,2000,,100,
Comoros,COM,1980,69,55,
Comoros,COM,2000,84,78,
Comoros,COM,2012,85,78.59,
Comoros,COM,2023,,,Africa
Congo,COG,1984,92,83,
Congo,COG,2005,88,71,
Congo,COG,2023,,,Africa
Cook Islands,COK,2023,,,Oceania
Costa Rica,CRI,1984,97,98,
Costa Rica,CRI,2000,97,98,
Costa Rica,CRI,2011,99,99,
Costa Rica,CRI,2018,74.78,99.63372,
Costa Rica,CRI,2023,,,North America
Cote d'Ivoire,CIV,1988,60,38,
Cote d'Ivoire,CIV,1998,54,40,
Cote d'Ivoire,CIV,2000,71,52,
Cote d'Ivoire,CIV,2014,59,47,
Cote d'Ivoire,CIV,2016,71.98823,54.73764,
Cote d'Ivoire,CIV,2019,93,76,
Cote d'Ivoire,CIV,2021,76.16145,58.31827,
Cote d'Ivoire,CIV,2006,,38.57,
Cote d'Ivoire,CIV,2023,,,Africa
Croatia,HRV,1991,100,100,
Croatia,HRV,2001,100,100,
Croatia,HRV,2023,,,Europe
Cuba,CUB,2002,100,100,
Cuba,CUB,2012,100,100,
Cuba,CUB,2019,99.53119,99.70794,
Cuba,CUB,2023,,,North America
Curacao,CUW,2023,,,North America
Cyprus,CYP,1992,100,100,
Cyprus,CYP,2001,100,100,
Cyprus,CYP,2011,100,100,
Cyprus,CYP,2023,,,Europe
Czechia,CZE,2023,,,Europe
Czechoslovakia,OWID_CZS,2023,,,Europe
Democratic Republic of Congo,COD,2001,78,63,
Democratic Republic of Congo,COD,2007,87.36,62.97,
Democratic Republic of Congo,COD,2012,91,77,
Democratic Republic of Congo,COD,2013,92.56,76.58,
Democratic Republic of Congo,COD,2016,91,80,
Democratic Republic of Congo,COD,2018,90.81754,77.53746,
Democratic Republic of Congo,COD,2010,,64.32,
Democratic Republic of Congo,COD,2023,,,Africa
Democratic Republic of Vietnam,,2023,,,Asia
Denmark,DNK,2023,,,Europe
Djibouti,DJI,2006,,51.81,
Djibouti,DJI,2023,,,Africa
Dominica,DMA,2023,,,North America
Dominican Republic,DOM,1981,81,84,
Dominican Republic,DOM,2000,93.2,96.5,
Dominican Republic,DOM,2001,94.3,96.6,
Dominican Republic,DOM,2002,93.8,96.5,
Dominican Republic,DOM,2003,94.7,96.9,
Dominican Republic,DOM,2004,95.2,96.7,
Dominican Republic,DOM,2005,96.2,97.3,
Dominican Republic,DOM,2006,95.3,97.9,
Dominican Republic,DOM,2007,97.2,97.8,
Dominican Republic,DOM,2008,95.6,97.4,
Dominican Republic,DOM,2009,96.2,98.4,
Dominican Republic,DOM,2010,96.2,97.9,
Dominican Republic,DOM,2011,96.5,98.6,
Dominican Republic,DOM,2012,96.7,98,
Dominican Republic,DOM,2013,97.6,98.3,
Dominican Republic,DOM,2014,98,98.2,
Dominican Republic,DOM,2015,98.1,98.1,
Dominican Republic,DOM,2016,98.1,98.8,
Dominican Republic,DOM,2017,97.8,98.4,
Dominican Republic,DOM,2018,98,99.1,
Dominican Republic,DOM,2019,98.3,99.1,
Dominican Republic,DOM,2020,98.6,99.1,
Dominican Republic,DOM,2021,98.7,99,
Dominican Republic,DOM,2022,98.1,98.9,
Dominican Republic,DOM,2023,98.3,98.8,North America
Duchy of Modena and Reggio,,2023,,,Europe
Duchy of Parma and Piacenza,,2023,,,Europe
East Asia and Pacific (WB),,1976,92.06965,75.64997,
East Asia and Pacific (WB),,1977,92.13786,75.98357,
East Asia and Pacific (WB),,1978,92.69134,77.81567,
East Asia and Pacific (WB),,1979,93.21935,79.69596,
East Asia and Pacific (WB),,1980,93.65328,81.52722,
East Asia and Pacific (WB),,1981,94.01275,83.11595,
East Asia and Pacific (WB),,1982,94.27296,84.40361,
East Asia and Pacific (WB),,1983,94.54431,85.61921,
East Asia and Pacific (WB),,1984,94.79929,86.65315,
East Asia and Pacific (WB),,1985,95.01331,87.46774,
East Asia and Pacific (WB),,1986,95.17848,88.14246,
East Asia and Pacific (WB),,1987,95.9976,89.43954,
East Asia and Pacific (WB),,1988,96.41761,91.42354,
East Asia and Pacific (WB),,1989,96.40825,91.76531,
East Asia and Pacific (WB),,1990,96.40288,92.07513,
East Asia and Pacific (WB),,1991,96.42215,92.39921,
East Asia and Pacific (WB),,1992,96.44241,92.70293,
East Asia and Pacific (WB),,1993,96.4574,92.95647,
East Asia and Pacific (WB),,1994,96.56721,93.35312,
East Asia and Pacific (WB),,1995,96.69341,93.7574,
East Asia and Pacific (WB),,1996,96.79782,94.08663,
East Asia and Pacific (WB),,1997,98.02458,96.96976,
East Asia and Pacific (WB),,1998,98.0536,97.10172,
East Asia and Pacific (WB),,1999,98.07207,97.24602,
East Asia and Pacific (WB),,2000,98.10066,97.24828,
East Asia and Pacific (WB),,2001,98.10212,97.37758,
East Asia and Pacific (WB),,2002,98.14776,97.50698,
East Asia and Pacific (WB),,2003,98.21947,97.72554,
East Asia and Pacific (WB),,2004,98.30039,97.84924,
East Asia and Pacific (WB),,2005,98.35316,97.97492,
East Asia and Pacific (WB),,2006,98.18339,97.8041,
East Asia and Pacific (WB),,2007,98.50984,98.20255,
East Asia and Pacific (WB),,2008,98.81036,98.61238,
East Asia and Pacific (WB),,2009,98.74872,98.60713,
East Asia and Pacific (WB),,2010,98.69274,98.5755,
East Asia and Pacific (WB),,2011,98.28942,98.15948,
East Asia and Pacific (WB),,2012,98.32583,98.21486,
East Asia and Pacific (WB),,2013,98.33456,98.28557,
East Asia and Pacific (WB),,2014,98.53776,98.5517,
East Asia and Pacific (WB),,2015,98.60747,98.5754,
East Asia and Pacific (WB),,2016,98.6197,98.60907,
East Asia and Pacific (WB),,2017,98.61173,98.6212,
East Asia and Pacific (WB),,2018,98.50946,98.59121,
East Asia and Pacific (WB),,2019,98.83422,98.96828,
East Asia and Pacific (WB),,2020,98.93899,99.04304,
East Asia and Pacific (WB),,2021,98.96167,99.0817,
East Asia and Pacific (WB),,2022,98.98314,99.13032,
East Asia and Pacific (WB),,2023,99.0027,99.16245,
East Germany,OWID_GDR,2023,,,Europe
East Timor,TLS,2009,87.25,83.71,
East Timor,TLS,2010,80,79,
East Timor,TLS,2016,89.55101,88.72531,
East Timor,TLS,2023,,,Asia
Eastern and South-Eastern Asia (SDG),,1976,92.1425,75.54955,
Eastern and South-Eastern Asia (SDG),,1977,92.21163,75.88257,
Eastern and South-Eastern Asia (SDG),,1978,92.77227,77.73867,
Eastern and South-Eastern Asia (SDG),,1979,93.30574,79.64592,
Eastern and South-Eastern Asia (SDG),,1980,93.74401,81.50134,
Eastern and South-Eastern Asia (SDG),,1981,94.10611,83.11022,
Eastern and South-Eastern Asia (SDG),,1982,94.36729,84.41362,
Eastern and South-Eastern Asia (SDG),,1983,94.64047,85.64386,
Eastern and South-Eastern Asia (SDG),,1984,94.89497,86.68919,
Eastern and South-Eastern Asia (SDG),,1985,95.10735,87.51172,
Eastern and South-Eastern Asia (SDG),,1986,95.27004,88.19202,
Eastern and South-Eastern Asia (SDG),,1987,96.09497,89.50169,
Eastern and South-Eastern Asia (SDG),,1988,96.51806,91.50705,
Eastern and South-Eastern Asia (SDG),,1989,96.508,91.852,
Eastern and South-Eastern Asia (SDG),,1990,96.50264,92.16502,
Eastern and South-Eastern Asia (SDG),,1991,96.52341,92.49314,
Eastern and South-Eastern Asia (SDG),,1992,96.54519,92.80164,
Eastern and South-Eastern Asia (SDG),,1993,96.56196,93.06,
Eastern and South-Eastern Asia (SDG),,1994,96.6759,93.46461,
Eastern and South-Eastern Asia (SDG),,1995,96.80654,93.87752,
Eastern and South-Eastern Asia (SDG),,1996,96.91575,94.21008,
Eastern and South-Eastern Asia (SDG),,1997,98.16245,97.13049,
Eastern and South-Eastern Asia (SDG),,1998,98.19519,97.26268,
Eastern and South-Eastern Asia (SDG),,1999,98.22033,97.41061,
Eastern and South-Eastern Asia (SDG),,2000,98.25711,97.41581,
Eastern and South-Eastern Asia (SDG),,2001,98.26271,97.5457,
Eastern and South-Eastern Asia (SDG),,2002,98.31304,97.67487,
Eastern and South-Eastern Asia (SDG),,2003,98.38914,97.89353,
Eastern and South-Eastern Asia (SDG),,2004,98.47451,98.01609,
Eastern and South-Eastern Asia (SDG),,2005,98.53169,98.14126,
Eastern and South-Eastern Asia (SDG),,2006,98.36356,97.96613,
Eastern and South-Eastern Asia (SDG),,2007,98.70143,98.37064,
Eastern and South-Eastern Asia (SDG),,2008,99.01506,98.78818,
Eastern and South-Eastern Asia (SDG),,2009,98.95905,98.78162,
Eastern and South-Eastern Asia (SDG),,2010,98.90729,98.74636,
Eastern and South-Eastern Asia (SDG),,2011,98.50358,98.32828,
Eastern and South-Eastern Asia (SDG),,2012,98.54806,98.39026,
Eastern and South-Eastern Asia (SDG),,2013,98.566,98.46905,
Eastern and South-Eastern Asia (SDG),,2014,98.78386,98.74792,
Eastern and South-Eastern Asia (SDG),,2015,98.86771,98.78167,
Eastern and South-Eastern Asia (SDG),,2016,98.89226,98.82578,
Eastern and South-Eastern Asia (SDG),,2017,98.89327,98.84568,
Eastern and South-Eastern Asia (SDG),,2018,98.79708,98.82176,
Eastern and South-Eastern Asia (SDG),,2019,99.1361,99.213,
Eastern and South-Eastern Asia (SDG),,2020,99.24863,99.2941,
Eastern and South-Eastern Asia (SDG),,2021,99.2751,99.33651,
Eastern and South-Eastern Asia (SDG),,2022,99.30309,99.39149,
Eastern and South-Eastern Asia (SDG),,2023,99.32656,99.42854,
Ecuador,ECU,1982,95,92,
Ecuador,ECU,1990,97,96,
Ecuador,ECU,2001,97.6,97.3,
Ecuador,ECU,2003,96.5,97.4,
Ecuador,ECU,2005,98.3,98.2,
Ecuador,ECU,2006,98.3,98.1,
Ecuador,ECU,2007,98.2,98.6,
Ecuador,ECU,2008,98.4,98.5,
Ecuador,ECU,2009,98.7,98.9,
Ecuador,ECU,2010,98.5,98.9,
Ecuador,ECU,2011,98.6,98.8,
Ecuador,ECU,2012,98.8,98.9,
Ecuador,ECU,2013,98.6,98.6,
Ecuador,ECU,2014,99,99.2,
Ecuador,ECU,2015,99.3,98.9,
Ecuador,ECU,2016,99,99.1,
Ecuador,ECU,2017,99.1,99.4,
Ecuador,ECU,2018,98.9,99.1,
Ecuador,ECU,2019,98.2,98.8,
Ecuador,ECU,2020,98.5,99.1,
Ecuador,ECU,2021,99,99.2,
Ecuador,ECU,2022,99,99.2,
Ecuador,ECU,2023,99,99.3,South America
Egypt,EGY,1976,63,38,
Egypt,EGY,1986,71,54,
Egypt,EGY,1996,79,67,
Egypt,EGY,2005,90,79,
Egypt,EGY,2006,88,82,
Egypt,EGY,2010,91,84,
Egypt,EGY,2012,92,86,
Egypt,EGY,2013,94,90,
Egypt,EGY,2017,89,87,
Egypt,EGY,2022,95.51,94.82,
Egypt,EGY,2000,,77.19,
Egypt,EGY,2014,,94.08,
Egypt,EGY,2023,,,Africa
El Salvador,SLV,1992,85,85,
El Salvador,SLV,2000,92.2,92.6,
El Salvador,SLV,2001,93.5,93.6,
El Salvador,SLV,2002,92.9,93.6,
El Salvador,SLV,2003,93.3,93.4,
El Salvador,SLV,2004,93.7,94,
El Salvador,SLV,2005,94.9,94.9,
El Salvador,SLV,2006,94.4,95.5,
El Salvador,SLV,2007,95.2,95.8,
El Salvador,SLV,2008,95,96,
El Salvador,SLV,2009,95.1,96.1,
El Salvador,SLV,2010,95.7,96.4,
El Salvador,SLV,2011,96,97,
El Salvador,SLV,2012,96.7,97.6,
El Salvador,SLV,2013,96.9,97.5,
El Salvador,SLV,2014,97.3,98.2,
El Salvador,SLV,2015,97.5,98.4,
El Salvador,SLV,2016,97.7,98.3,
El Salvador,SLV,2017,97.8,98.1,
El Salvador,SLV,2018,97.7,98.2,
El Salvador,SLV,2019,98,98.7,
El Salvador,SLV,2020,98.3,98.7,
El Salvador,SLV,2021,97.8,98.3,
El Salvador,SLV,2022,98,98.6,
El Salvador,SLV,2023,97.6,98.5,North America
Equatorial Guinea,GNQ,2000,98,97,
Equatorial Guinea,GNQ,2023,,,Africa
Eritrea,ERI,2002,86,69,
Eritrea,ERI,2008,91,83,
Eritrea,ERI,2023,,,Africa
Estonia,EST,1989,100,100,
Estonia,EST,2000,100,100,
Estonia,EST,2011,100,100,
Estonia,EST,2023,,,Europe
Eswatini,SWZ,1976,76,75,
Eswatini,SWZ,1986,83,84,
Eswatini,SWZ,2000,91,93,
Eswatini,SWZ,2006,88.81,93.58,
Eswatini,SWZ,2022,98.55315,98.77755,
Eswatini,SWZ,2010,,96.32,
Eswatini,SWZ,2014,,100,
Eswatini,SWZ,2023,,,Africa
Ethiopia,ETH,1994,39,28,
Ethiopia,ETH,2000,49.47,27.02,
Ethiopia,ETH,2004,62,39,
Ethiopia,ETH,2005,60.07,34.06,
Ethiopia,ETH,2007,63,47,
Ethiopia,ETH,2011,65.08,43.65,
Ethiopia,ETH,2016,79.13417,64.5676,
Ethiopia,ETH,2019,,70.29423,
Ethiopia,ETH,2023,,,Africa
Ethiopia (former),OWID_ERE,2023,,,Africa
Europe and Central Asia (WB),,1990,99.29788,98.59226,
Europe and Central Asia (WB),,1991,99.30632,98.63546,
Europe and Central Asia (WB),,1992,99.14109,98.60188,
Europe and Central Asia (WB),,1993,99.14551,98.64055,
Europe and Central Asia (WB),,1994,99.15435,98.69671,
Europe and Central Asia (WB),,1995,99.15745,98.73289,
Europe and Central Asia (WB),,1996,99.16376,98.77194,
Europe and Central Asia (WB),,1997,99.16921,98.8102,
Europe and Central Asia (WB),,1998,99.14203,98.83175,
Europe and Central Asia (WB),,1999,99.12084,98.84616,
Europe and Central Asia (WB),,2000,99.27405,98.82764,
Europe and Central Asia (WB),,2001,99.28998,98.86257,
Europe and Central Asia (WB),,2002,99.34685,98.91292,
Europe and Central Asia (WB),,2003,99.34642,98.93462,
Europe and Central Asia (WB),,2004,99.32986,98.9432,
Europe and Central Asia (WB),,2005,99.37011,99.01076,
Europe and Central Asia (WB),,2006,99.38467,99.02952,
Europe and Central Asia (WB),,2007,99.40214,99.0562,
Europe and Central Asia (WB),,2008,99.41971,99.08809,
Europe and Central Asia (WB),,2009,99.5298,99.31396,
Europe and Central Asia (WB),,2010,99.559,99.38538,
Europe and Central Asia (WB),,2011,99.59864,99.46198,
Europe and Central Asia (WB),,2012,99.62316,99.51233,
Europe and Central Asia (WB),,2013,99.64314,99.5471,
Europe and Central Asia (WB),,2014,99.66125,99.57678,
Europe and Central Asia (WB),,2015,99.66372,99.6026,
Europe and Central Asia (WB),,2016,99.67653,99.6327,
Europe and Central Asia (WB),,2017,99.68803,99.67333,
Europe and Central Asia (WB),,2018,99.73709,99.71808,
Europe and Central Asia (WB),,2019,99.74954,99.74016,
Europe and Central Asia (WB),,2020,99.73968,99.75049,
Europe and Central Asia (WB),,2021,99.75074,99.75854,
Europe and Central Asia (WB),,2022,99.75511,99.76337,
Europe and Central Asia (WB),,2023,99.75977,99.76482,
Europe and Northern America (SDG),,2002,99.47237,99.50273,
Europe and Northern America (SDG),,2003,99.48047,99.5103,
Europe and Northern America (SDG),,2004,99.4866,99.51708,
Europe and Northern America (SDG),,2005,99.49365,99.51734,
Europe and Northern America (SDG),,2006,99.50642,99.51924,
Europe and Northern America (SDG),,2007,99.5034,99.52847,
Europe and Northern America (SDG),,2018,99.66694,99.63965,
Europe and Northern America (SDG),,2019,99.67549,99.64386,
Europe and Northern America (SDG),,2020,99.66568,99.64667,
Europe and Northern America (SDG),,2021,99.67509,99.64984,
Europe and Northern America (SDG),,2022,99.67989,99.65033,
Falkland Islands,FLK,2023,,,South America
Faroe Islands,FRO,2023,,,Europe
Federal Republic of Central America,,2023,,,North America
Fiji,FJI,2021,96.11,99.41343,
Fiji,FJI,2023,,,Oceania
Finland,FIN,2023,,,Europe
France,FRA,2023,,,Europe
French Guiana,GUF,2023,,,South America
French Polynesia,PYF,2023,,,Oceania
Gabon,GAB,1993,94,92,
Gabon,GAB,2012,94.88,93.77,
Gabon,GAB,2021,94.95532,93.04062,
Gabon,GAB,2023,,,Africa
Gambia,GMB,2000,64,41,
Gambia,GMB,2013,78.39,65.85,
Gambia,GMB,2015,71,64,
Gambia,GMB,2018,74.97817,67.01137,
Gambia,GMB,2021,72.01779,62.55218,
Gambia,GMB,2006,,48.15,
Gambia,GMB,2023,,,Africa
Georgia,GEO,2002,100,100,
Georgia,GEO,2014,100,100,
Georgia,GEO,2017,100,99,
Georgia,GEO,2018,99.9046,99.94143,
Georgia,GEO,2022,100,100,
Georgia,GEO,2023,98.88482,99.8423,Asia
Georgia,GEO,2005,,99.9,
Germany,DEU,2023,,,Europe
Ghana,GHA,2000,76,65,
Ghana,GHA,2003,84.77,73.05,
Ghana,GHA,2010,88,83,
Ghana,GHA,2014,91.17,83.65,
Ghana,GHA,2017,89.77029,85.2477,
Ghana,GHA,2021,91.73803,91.30476,
Ghana,GHA,2006,,76.92,
Ghana,GHA,2011,,84.6,
Ghana,GHA,2023,,,Africa
Gibraltar,GIB,2023,,,Europe
Grand Duchy of Baden,,2023,,,Europe
Grand Duchy of Tuscany,,2023,,,Europe
Great Colombia,,2023,,,South America
Greece,GRC,1981,99,99,
Greece,GRC,1991,99,99,
Greece,GRC,2001,99,99,
Greece,GRC,2009,100,99,
Greece,GRC,2023,,,Europe
Greenland,GRL,2023,,,North America
Grenada,GRD,1970,99,99,
Grenada,GRD,2023,,,North America
Guadeloupe,GLP,1982,98,99,
Guadeloupe,GLP,2023,,,North America
Guam,GUM,1980,95,96,
Guam,GUM,1990,100,100,
Guam,GUM,2023,,,Oceania
Guatemala,GTM,1994,82,71,
Guatemala,GTM,2000,87.7,76.3,
Guatemala,GTM,2002,86,78,
Guatemala,GTM,2006,91.4,84.8,
Guatemala,GTM,2012,95,92,
Guatemala,GTM,2013,94,90,
Guatemala,GTM,2014,94.9,91.9,
Guatemala,GTM,2015,96.67467,93.61574,
Guatemala,GTM,2018,95,94,
Guatemala,GTM,2022,95.85535,94.21057,
Guatemala,GTM,2023,97.3,96.7,North America
Guernsey,GGY,2023,,,Europe
Guinea,GIN,1996,44,13,
Guinea,GIN,2003,59,34,
Guinea,GIN,2005,64.19,24.12,
Guinea,GIN,2010,38,22,
Guinea,GIN,2012,71.69,37.24,
Guinea,GIN,2014,57,37,
Guinea,GIN,2018,70,43,
Guinea,GIN,2016,,46.62764,
Guinea,GIN,2023,,,Africa
Guinea-Bissau,GNB,1979,60,18,
Guinea-Bissau,GNB,2000,75,46,
Guinea-Bissau,GNB,2019,81.83359,68.58931,
Guinea-Bissau,GNB,2022,86.19711,78.26567,
Guinea-Bissau,GNB,2006,,35.78,
Guinea-Bissau,GNB,2014,,100,
Guinea-Bissau,GNB,2023,,,Africa
Guyana,GUY,2009,95.71,95.91,
Guyana,GUY,2020,99.26508,99.02955,
Guyana,GUY,2006,,100,
Guyana,GUY,2014,,100,
Guyana,GUY,2023,,,South America
Haiti,HTI,1982,51,51,
Haiti,HTI,2003,83,81,
Haiti,HTI,2012,86.55,84.3,
Haiti,HTI,2017,88.38471,89.32992,
Haiti,HTI,2023,,,North America
High-income countries,,2004,98.8447,98.70911,
High-income countries,,2005,98.89156,98.75847,
High-income countries,,2020,99.22166,99.28018,
High-income countries,,2021,99.27138,99.30231,
Honduras,HND,2001,89.7,92.7,
Honduras,HND,2004,90.2,91.5,
Honduras,HND,2005,89.9,93.6,
Honduras,HND,2007,93,95,
Honduras,HND,2009,92.6,95.2,
Honduras,HND,2010,94.4,95.9,
Honduras,HND,2011,94.9,96.9,
Honduras,HND,2012,94,96,
Honduras,HND,2013,93.9,96.3,
Honduras,HND,2014,95,96.3,
Honduras,HND,2015,95,97,
Honduras,HND,2016,94.9,97.2,
Honduras,HND,2018,94.9,98.2,
Honduras,HND,2019,94.8,97.3,
Honduras,HND,2023,94.6,96.5,North America
Hong Kong,HKG,2023,,,Asia
Hungary,HUN,1980,99,99,
Hungary,HUN,2023,,,Europe
Iceland,ISL,2023,,,Europe
India,IND,1981,66,40,
India,IND,1991,74,49,
India,IND,2001,84,68,
India,IND,2006,88,74,
India,IND,2011,90,82,
India,IND,2016,93.55494,86.73757,
India,IND,2020,99.07,90.95,
India,IND,2022,97,96,
India,IND,2023,98,96,Asia
Indonesia,IDN,1980,90,82,
Indonesia,IDN,1990,97,95,
Indonesia,IDN,2004,99,99,
Indonesia,IDN,2006,97,96,
Indonesia,IDN,2008,100,99,
Indonesia,IDN,2009,100,99,
Indonesia,IDN,2011,99,99,
Indonesia,IDN,2014,100,100,
Indonesia,IDN,2015,100,100,
Indonesia,IDN,2016,100,100,
Indonesia,IDN,2017,99.93,99.29,
Indonesia,IDN,2018,100,100,
Indonesia,IDN,2020,100,100,
Indonesia,IDN,2022,92.91,94.72,
Indonesia,IDN,2023,,,Asia
Iran,IRN,1976,71,42,
Iran,IRN,1986,85,66,
Iran,IRN,1991,92,81,
Iran,IRN,1996,96,91,
Iran,IRN,2005,98,97,
Iran,IRN,2006,97,96,
Iran,IRN,2008,98,97,
Iran,IRN,2012,98,98,
Iran,IRN,2013,98,97,
Iran,IRN,2014,98,98,
Iran,IRN,2016,98,98,
Iran,IRN,2023,,,Asia
Iraq,IRQ,2000,89,80,
Iraq,IRQ,2012,87,79,
Iraq,IRQ,2014,92,86,
Iraq,IRQ,2016,93,88,
Iraq,IRQ,2017,95,92,
Iraq,IRQ,2006,,72.85,
Iraq,IRQ,2011,,71.93,
Iraq,IRQ,2018,,87.38115,
Iraq,IRQ,2023,,,Asia
Ireland,IRL,2023,,,Europe
Isle of Man,IMN,2023,,,Europe
Israel,ISR,1983,99,98,
Israel,ISR,2023,,,Asia
Italy,ITA,1981,100,100,
Italy,ITA,2001,100,100,
Italy,ITA,2011,100,100,
Italy,ITA,2019,100,100,
Italy,ITA,2023,,,Europe
Jamaica,JAM,1999,87,96,
Jamaica,JAM,2022,88.23,99.29619,
Jamaica,JAM,2005,,99.77,
Jamaica,JAM,2011,,99.72,
Jamaica,JAM,2023,,,North America
Japan,JPN,2023,,,Asia
Jersey,JEY,2023,,,Europe
Jordan,JOR,1979,96,85,
Jordan,JOR,2003,99,99,
Jordan,JOR,2005,99,99,
Jordan,JOR,2007,99,99,
Jordan,JOR,2010,99,99,
Jordan,JOR,2011,99,99,
Jordan,JOR,2012,99,99,
Jordan,JOR,2018,97.42178,95.90284,
Jordan,JOR,2023,99,99,Asia
Kazakhstan,KAZ,1989,100,99,
Kazakhstan,KAZ,1999,100,100,
Kazakhstan,KAZ,2009,100,100,
Kazakhstan,KAZ,2006,,100,
Kazakhstan,KAZ,2015,,100,
Kazakhstan,KAZ,2023,,,Asia
Kenya,KEN,2000,93,92,
Kenya,KEN,2014,94.02,92.31,
Kenya,KEN,2022,96.14752,95.28072,
Kenya,KEN,2023,,,Africa
Kingdom of Bavaria,,2023,,,Europe
Kingdom of Sardinia,,2023,,,Europe
Kingdom of Saxony,,2023,,,Europe
Kingdom of Wurttemberg,,2023,,,Europe
Kingdom of the Two Sicilies,,2023,,,Europe
Kiribati,KIR,2018,95.83073,98.50159,
Kiribati,KIR,2023,,,Oceania
Korea (former),OWID_KRU,2023,,,Asia
Kosovo,OWID_KOS,2023,,,Europe
Kuwait,KWT,1975,78,66,
Kuwait,KWT,1980,81,76,
Kuwait,KWT,1985,91,84,
Kuwait,KWT,1995,94,90,
Kuwait,KWT,2005,100,100,
Kuwait,KWT,2006,99,98,
Kuwait,KWT,2007,98,99,
Kuwait,KWT,2008,99,99,
Kuwait,KWT,2010,99,99,
Kuwait,KWT,2012,99,99,
Kuwait,KWT,2013,99,99,
Kuwait,KWT,2015,99,99,
Kuwait,KWT,2017,99,99,
Kuwait,KWT,2018,99,100,
Kuwait,KWT,2020,99,100,
Kuwait,KWT,2023,,,Asia
Kyrgyzstan,KGZ,1999,100,100,
Kyrgyzstan,KGZ,2009,100,100,
Kyrgyzstan,KGZ,2014,,99.79,
Kyrgyzstan,KGZ,2023,,,Asia
Laos,LAO,1995,79,64,
Laos,LAO,2000,88,74,
Laos,LAO,2001,83,75,
Laos,LAO,2005,89,79,
Laos,LAO,2015,94,91,
Laos,LAO,2017,91.20028,84.4665,
Laos,LAO,2006,,67.08,
Laos,LAO,2023,,,Asia
Latin America and Caribbean (WB),,1974,88.63645,86.80742,
Latin America and Caribbean (WB),,1975,88.6294,86.82453,
Latin America and Caribbean (WB),,1976,88.74199,87.22708,
Latin America and Caribbean (WB),,1977,88.82863,87.67547,
Latin America and Caribbean (WB),,1978,88.91357,88.15921,
Latin America and Caribbean (WB),,1979,88.90134,88.52984,
Latin America and Caribbean (WB),,1980,88.79192,88.78442,
Latin America and Caribbean (WB),,1981,88.80603,89.15248,
Latin America and Caribbean (WB),,1982,88.80645,89.50078,
Latin America and Caribbean (WB),,1983,88.81133,89.84306,
Latin America and Caribbean (WB),,1984,88.83096,90.18232,
Latin America and Caribbean (WB),,1985,88.86339,90.52011,
Latin America and Caribbean (WB),,1986,88.89468,90.81932,
Latin America and Caribbean (WB),,1987,89.05892,90.99998,
Latin America and Caribbean (WB),,1988,89.28155,91.37462,
Latin America and Caribbean (WB),,1989,89.48341,91.8275,
Latin America and Caribbean (WB),,1990,89.62017,92.22177,
Latin America and Caribbean (WB),,1991,90.36628,92.7117,
Latin America and Caribbean (WB),,1992,91.10965,93.19154,
Latin America and Caribbean (WB),,1993,91.85488,93.63161,
Latin America and Caribbean (WB),,1994,92.59584,94.06351,
Latin America and Caribbean (WB),,1995,93.34082,94.48672,
Latin America and Caribbean (WB),,1996,93.67079,94.78791,
Latin America and Caribbean (WB),,1997,93.85517,94.84745,
Latin America and Caribbean (WB),,1998,94.119,95.06855,
Latin America and Caribbean (WB),,1999,94.31359,95.3088,
Latin America and Caribbean (WB),,2000,94.49998,95.52891,
Latin America and Caribbean (WB),,2001,94.66916,95.67047,
Latin America and Caribbean (WB),,2002,95.12653,96.00816,
Latin America and Caribbean (WB),,2003,95.97106,96.6719,
Latin America and Caribbean (WB),,2004,96.02989,96.85742,
Latin America and Caribbean (WB),,2005,96.22208,97.04138,
Latin America and Caribbean (WB),,2006,96.45865,97.0112,
Latin America and Caribbean (WB),,2007,96.67873,97.20545,
Latin America and Caribbean (WB),,2008,96.89331,97.37636,
Latin America and Caribbean (WB),,2009,97.12293,97.56849,
Latin America and Caribbean (WB),,2010,96.99602,97.63176,
Latin America and Caribbean (WB),,2011,97.45808,98.0236,
Latin America and Caribbean (WB),,2012,97.6563,98.15077,
Latin America and Caribbean (WB),,2013,97.62371,98.11869,
Latin America and Caribbean (WB),,2014,97.99299,98.40585,
Latin America and Caribbean (WB),,2015,98.05344,98.47674,
Latin America and Caribbean (WB),,2016,98.18215,98.59893,
Latin America and Caribbean (WB),,2017,98.19944,98.55822,
Latin America and Caribbean (WB),,2018,98.28612,98.63194,
Latin America and Caribbean (WB),,2019,98.33218,98.67044,
Latin America and Caribbean (WB),,2020,98.32484,98.66679,
Latin America and Caribbean (WB),,2021,98.37138,98.72587,
Latin America and Caribbean (WB),,2022,98.43216,98.77126,
Latin America and Caribbean (WB),,2023,98.45885,98.80875,
Latin America and the Caribbean (SDG),,1974,88.63671,86.8078,
Latin America and the Caribbean (SDG),,1975,88.62967,86.82491,
Latin America and the Caribbean (SDG),,1976,88.74226,87.22744,
Latin America and the Caribbean (SDG),,1977,88.82889,87.67581,
Latin America and the Caribbean (SDG),,1978,88.91384,88.15953,
Latin America and the Caribbean (SDG),,1979,88.90161,88.53014,
Latin America and the Caribbean (SDG),,1980,88.7922,88.78471,
Latin America and the Caribbean (SDG),,1981,88.8063,89.15275,
Latin America and the Caribbean (SDG),,1982,88.80672,89.50103,
Latin America and the Caribbean (SDG),,1983,88.81159,89.84329,
Latin America and the Caribbean (SDG),,1984,88.83121,90.18253,
Latin America and the Caribbean (SDG),,1985,88.86364,90.52032,
Latin America and the Caribbean (SDG),,1986,88.89493,90.81951,
Latin America and the Caribbean (SDG),,1987,89.05918,91.00017,
Latin America and the Caribbean (SDG),,1988,89.2818,91.3748,
Latin America and the Caribbean (SDG),,1989,89.48365,91.82766,
Latin America and the Caribbean (SDG),,1990,89.6204,92.22191,
Latin America and the Caribbean (SDG),,1991,90.36647,92.71183,
Latin America and the Caribbean (SDG),,1992,91.10981,93.19165,
Latin America and the Caribbean (SDG),,1993,91.85501,93.63171,
Latin America and the Caribbean (SDG),,1994,92.59595,94.06359,
Latin America and the Caribbean (SDG),,1995,93.34091,94.48679,
Latin America and the Caribbean (SDG),,1996,93.67088,94.78797,
Latin America and the Caribbean (SDG),,1997,93.85525,94.84751,
Latin America and the Caribbean (SDG),,1998,94.11908,95.06861,
Latin America and the Caribbean (SDG),,1999,94.31367,95.30886,
Latin America and the Caribbean (SDG),,2000,94.50005,95.52896,
Latin America and the Caribbean (SDG),,2001,94.66923,95.67052,
Latin America and the Caribbean (SDG),,2002,95.1266,96.00821,
Latin America and the Caribbean (SDG),,2003,95.97111,96.67193,
Latin America and the Caribbean (SDG),,2004,96.02994,96.85745,
Latin America and the Caribbean (SDG),,2005,96.22213,97.04141,
Latin America and the Caribbean (SDG),,2006,96.45869,97.01123,
Latin America and the Caribbean (SDG),,2007,96.67877,97.20547,
Latin America and the Caribbean (SDG),,2008,96.89334,97.37639,
Latin America and the Caribbean (SDG),,2009,97.12295,97.56851,
Latin America and the Caribbean (SDG),,2010,96.99604,97.63178,
Latin America and the Caribbean (SDG),,2011,97.4581,98.02361,
Latin America and the Caribbean (SDG),,2012,97.65631,98.15077,
Latin America and the Caribbean (SDG),,2013,97.62372,98.11869,
Latin America and the Caribbean (SDG),,2014,97.99299,98.40585,
Latin America and the Caribbean (SDG),,2015,98.05344,98.47674,
Latin America and the Caribbean (SDG),,2016,98.18215,98.59892,
Latin America and the Caribbean (SDG),,2017,98.19944,98.55821,
Latin America and the Caribbean (SDG),,2018,98.28611,98.63194,
Latin America and the Caribbean (SDG),,2019,98.33217,98.67043,
Latin America and the Caribbean (SDG),,2020,98.32483,98.66678,
Latin America and the Caribbean (SDG),,2021,98.37138,98.72585,
Latin America and the Caribbean (SDG),,2022,98.43215,98.77125,
Latin America and the Caribbean (SDG),,2023,98.45884,98.80874,
Latvia,LVA,1989,100,100,
Latvia,LVA,2000,100,100,
Latvia,LVA,2011,100,100,
Latvia,LVA,2023,,,Europe
Lebanon,LBN,2007,98,99,
Lebanon,LBN,2009,99,99,
Lebanon,LBN,2018,98,96,
Lebanon,LBN,2023,,,Asia
Lesotho,LSO,2000,85,97,
Lesotho,LSO,2006,66,85,
Lesotho,LSO,2009,82.23,94.25,
Lesotho,LSO,2014,87.37,96.52,
Lesotho,LSO,2016,97,100,
Lesotho,LSO,2018,92.35318,98.26914,
Lesotho,LSO,2023,,,Africa
Liberia,LBR,1984,63,34,
Liberia,LBR,2007,77.33,51.49,
Liberia,LBR,2013,83.75,63.2,
Liberia,LBR,2023,,,Africa
Libya,LBY,1984,98,80,
Libya,LBY,2023,,,Africa
Liechtenstein,LIE,2023,,,Europe
Lithuania,LTU,1989,100,100,
Lithuania,LTU,2001,100,100,
Lithuania,LTU,2011,100,100,
Lithuania,LTU,2023,,,Europe
Low-income countries,,1988,66.71126,48.29523,
Low-income countries,,1989,66.95475,48.77668,
Low-income countries,,1990,67.07243,49.3418,
Low-income countries,,1991,66.51073,49.06629,
Low-income countries,,1992,65.81742,48.62732,
Low-income countries,,1993,65.46683,48.67551,
Low-income countries,,1994,65.2399,48.86828,
Low-income countries,,1995,65.38342,49.07685,
Low-income countries,,1996,65.14389,49.51929,
Low-income countries,,1997,65.1523,50.22734,
Low-income countries,,1998,65.44507,50.86919,
Low-income countries,,1999,65.61281,51.3748,
Low-income countries,,2000,65.38389,52.02636,
Low-income countries,,2001,65.59562,52.93063,
Low-income countries,,2002,69.68612,53.16253,
Low-income countries,,2003,69.71195,53.98688,
Low-income countries,,2004,70.33244,54.67853,
Low-income countries,,2005,70.52606,55.26611,
Low-income countries,,2006,69.59228,53.09764,
Low-income countries,,2007,70.68146,55.32036,
Low-income countries,,2008,71.80143,56.8147,
Low-income countries,,2009,72.47431,57.81614,
Low-income countries,,2010,72.70415,59.04808,
Low-income countries,,2011,74.51943,62.78945,
Low-income countries,,2012,75.36368,63.71834,
Low-income countries,,2013,76.16065,65.1674,
Low-income countries,,2014,76.44838,65.83823,
Low-income countries,,2015,76.84152,67.00946,
Low-income countries,,2016,77.04158,68.24464,
Low-income countries,,2017,77.66572,69.65888,
Low-income countries,,2018,77.19465,69.14331,
Low-income countries,,2019,77.0154,69.56879,
Low-income countries,,2020,77.10644,69.91852,
Low-income countries,,2021,77.44955,70.70328,
Low-income countries,,2022,77.73687,71.45326,
Low-income countries,,2023,77.95494,72.08086,
Lower-middle-income countries,,1975,67.62587,44.69813,
Lower-middle-income countries,,1976,67.70277,44.85917,
Lower-middle-income countries,,1977,68.08382,45.75351,
Lower-middle-income countries,,1978,68.39049,46.65274,
Lower-middle-income countries,,1979,68.59643,47.51585,
Lower-middle-income countries,,1980,68.70098,48.29649,
Lower-middle-income countries,,1981,68.80225,49.00895,
Lower-middle-income countries,,1982,68.97708,49.84318,
Lower-middle-income countries,,1983,69.13491,50.57199,
Lower-middle-income countries,,1984,69.30184,51.51703,
Lower-middle-income countries,,1985,69.52071,52.47755,
Lower-middle-income countries,,1986,69.71321,53.3461,
Lower-middle-income countries,,1987,70.18854,54.44793,
Lower-middle-income countries,,1988,72.31447,53.26776,
Lower-middle-income countries,,1989,72.98763,54.62419,
Lower-middle-income countries,,1990,73.60304,55.96173,
Lower-middle-income countries,,1991,74.23516,57.30085,
Lower-middle-income countries,,1992,75.3428,58.55427,
Lower-middle-income countries,,1993,76.36027,59.53925,
Lower-middle-income countries,,1994,77.01993,60.99908,
Lower-middle-income countries,,1995,77.54648,62.32745,
Lower-middle-income countries,,1996,78.18687,63.6672,
Lower-middle-income countries,,1997,78.73385,64.86258,
Lower-middle-income countries,,1998,81.56189,66.68379,
Lower-middle-income countries,,1999,82.18743,68.19439,
Lower-middle-income countries,,2000,82.35816,68.52399,
Lower-middle-income countries,,2001,82.72581,69.86881,
Lower-middle-income countries,,2002,83.10958,71.17077,
Lower-middle-income countries,,2003,84.08785,72.1694,
Lower-middle-income countries,,2004,84.42356,73.45158,
Lower-middle-income countries,,2005,85.40766,73.48987,
Lower-middle-income countries,,2006,84.59039,74.40537,
Lower-middle-income countries,,2007,84.82232,75.41736,
Lower-middle-income countries,,2008,85.33198,76.5123,
Lower-middle-income countries,,2009,85.69521,77.57317,
Lower-middle-income countries,,2010,86.90514,78.85166,
Lower-middle-income countries,,2011,86.92319,79.65332,
Lower-middle-income countries,,2012,87.54859,80.83657,
Lower-middle-income countries,,2013,88.4973,82.33047,
Lower-middle-income countries,,2014,88.8433,83.46157,
Lower-middle-income countries,,2015,89.40439,84.5999,
Lower-middle-income countries,,2016,89.7792,85.41834,
Lower-middle-income countries,,2017,90.19085,85.98297,
Lower-middle-income countries,,2018,90.54972,86.56847,
Lower-middle-income countries,,2019,92.6157,88.42201,
Lower-middle-income countries,,2020,92.83811,88.91847,
Lower-middle-income countries,,2021,93.04316,89.37158,
Lower-middle-income countries,,2022,93.21588,89.82658,
Lower-middle-income countries,,2023,93.37012,90.20733,
Luxembourg,LUX,2023,,,Europe
Macao,MAC,1981,95,94,
Macao,MAC,2001,99,100,
Macao,MAC,2006,100,100,
Macao,MAC,2011,100,100,
Macao,MAC,2016,100,100,
Macao,MAC,2023,,,Asia
Madagascar,MDG,2000,73,68,
Madagascar,MDG,2005,59,56,
Madagascar,MDG,2012,78,75,
Madagascar,MDG,2018,81,79,
Madagascar,MDG,2021,82.52617,82.23735,
Madagascar,MDG,2023,,,Africa
Malawi,MWI,1987,70,49,
Malawi,MWI,1998,82,71,
Malawi,MWI,2020,81.30133,80.14176,
Malawi,MWI,2006,,72.23,
Malawi,MWI,2014,,75.73,
Malawi,MWI,2023,,,Africa
Malaysia,MYS,1980,89,87,
Malaysia,MYS,1991,96,95,
Malaysia,MYS,2000,97,97,
Malaysia,MYS,2010,98,98,
Malaysia,MYS,2016,97,98,
Malaysia,MYS,2017,97,97,
Malaysia,MYS,2018,97,97,
Malaysia,MYS,2019,97,97,
Malaysia,MYS,2022,99,98,
Malaysia,MYS,2023,,,Asia
Maldives,MDV,1977,84,87,
Maldives,MDV,1985,95,96,
Maldives,MDV,1990,98,98,
Maldives,MDV,1995,98,98,
Maldives,MDV,2000,98,98,
Maldives,MDV,2006,99,99,
Maldives,MDV,2014,99,99,
Maldives,MDV,2016,98,99,
Maldives,MDV,2017,97.31116,99.67299,
Maldives,MDV,2019,98.62147,98.86908,
Maldives,MDV,2023,,,Asia
Mali,MLI,1976,27,13,
Mali,MLI,1998,32,17,
Mali,MLI,2006,47,31,
Mali,MLI,2010,56,34,
Mali,MLI,2011,56,30,
Mali,MLI,2015,61,39,
Mali,MLI,2018,58,43,
Mali,MLI,2020,44.16,60.92,
Mali,MLI,2023,,,Africa
Malta,MLT,1985,97,99,
Malta,MLT,1995,94,98,
Malta,MLT,2005,97,99,
Malta,MLT,2011,98,99,
Malta,MLT,2023,,,Europe
Marshall Islands,MHL,2011,98,99,
Marshall Islands,MHL,2023,,,Oceania
Martinique,MTQ,1982,99,99,
Martinique,MTQ,2023,,,North America
Mauritania,MRT,2000,68,55,
Mauritania,MRT,2013,74,68,
Mauritania,MRT,2015,86.73236,75.69968,
Mauritania,MRT,2020,75.25897,66.98027,
Mauritania,MRT,2007,,47.94,
Mauritania,MRT,2011,,57.65,
Mauritania,MRT,2023,,,Africa
Mauritius,MUS,1990,91,92,
Mauritius,MUS,2000,94,95,
Mauritius,MUS,2011,98,99,
Mauritius,MUS,2023,,,Africa
Mayotte,MYT,2023,,,Africa
Mexico,MEX,1980,93,91,
Mexico,MEX,1990,96,95,
Mexico,MEX,2000,97.2,97.4,
Mexico,MEX,2002,97.8,97.2,
Mexico,MEX,2004,97.1,97.5,
Mexico,MEX,2005,98,98,
Mexico,MEX,2006,98.1,97.7,
Mexico,MEX,2007,98,98,
Mexico,MEX,2008,98.2,98.3,
Mexico,MEX,2009,99,98,
Mexico,MEX,2010,98.2,98.6,
Mexico,MEX,2011,98,99,
Mexico,MEX,2012,98.6,98.9,
Mexico,MEX,2013,99,99,
Mexico,MEX,2014,98.4,98.9,
Mexico,MEX,2015,99,99,
Mexico,MEX,2016,98.5,98.7,
Mexico,MEX,2017,99,99,
Mexico,MEX,2018,98.4,98.8,
Mexico,MEX,2020,98.8,99.1,
Mexico,MEX,2022,98.7,99.2,
Mexico,MEX,2023,,,North America
Micronesia (country),FSM,2023,,,Oceania
Middle East and North Africa (WB),,1973,71.80761,45.19602,
Middle East and North Africa (WB),,1974,72.28545,45.98756,
Middle East and North Africa (WB),,1975,72.88749,46.88597,
Middle East and North Africa (WB),,1976,73.51033,47.76801,
Middle East and North Africa (WB),,1977,74.17554,48.96568,
Middle East and North Africa (WB),,1978,74.79698,50.09046,
Middle East and North Africa (WB),,1979,75.29801,51.0531,
Middle East and North Africa (WB),,1980,75.95265,52.32631,
Middle East and North Africa (WB),,1981,76.61027,53.62577,
Middle East and North Africa (WB),,1982,77.30011,54.97385,
Middle East and North Africa (WB),,1983,78.38635,56.12951,
Middle East and North Africa (WB),,1984,79.32956,57.94698,
Middle East and North Africa (WB),,1985,80.26156,59.71946,
Middle East and North Africa (WB),,1986,81.17504,61.40514,
Middle East and North Africa (WB),,1987,81.98535,62.99917,
Middle East and North Africa (WB),,1988,82.77369,64.58158,
Middle East and North Africa (WB),,1989,83.50282,66.1068,
Middle East and North Africa (WB),,1990,85.08913,68.98918,
Middle East and North Africa (WB),,1991,86.2941,70.65865,
Middle East and North Africa (WB),,1992,86.98366,72.12407,
Middle East and North Africa (WB),,1993,87.18237,71.6707,
Middle East and North Africa (WB),,1994,87.6795,72.96099,
Middle East and North Africa (WB),,1995,88.37237,74.85748,
Middle East and North Africa (WB),,1996,88.87634,76.20496,
Middle East and North Africa (WB),,1997,89.3345,77.50701,
Middle East and North Africa (WB),,1998,89.66076,78.6955,
Middle East and North Africa (WB),,1999,90.00801,79.90238,
Middle East and North Africa (WB),,2000,90.32751,80.99898,
Middle East and North Africa (WB),,2001,90.79612,82.14067,
Middle East and North Africa (WB),,2002,91.14309,83.16963,
Middle East and North Africa (WB),,2003,92.80639,83.72966,
Middle East and North Africa (WB),,2004,93.05454,84.65085,
Middle East and North Africa (WB),,2005,93.20441,85.25057,
Middle East and North Africa (WB),,2006,92.64047,86.09961,
Middle East and North Africa (WB),,2007,93.14143,86.97756,
Middle East and North Africa (WB),,2008,93.9046,88.15434,
Middle East and North Africa (WB),,2009,91.90152,85.37437,
Middle East and North Africa (WB),,2010,92.09109,85.75135,
Middle East and North Africa (WB),,2011,92.40269,85.80755,
Middle East and North Africa (WB),,2012,92.95354,86.87201,
Middle East and North Africa (WB),,2013,93.12824,87.79656,
Middle East and North Africa (WB),,2014,93.1035,88.02022,
Middle East and North Africa (WB),,2015,93.10533,88.29764,
Middle East and North Africa (WB),,2016,91.75193,86.80402,
Middle East and North Africa (WB),,2017,91.8816,87.18054,
Middle East and North Africa (WB),,2018,91.98373,87.47592,
Middle East and North Africa (WB),,2019,92.13213,87.80644,
Middle East and North Africa (WB),,2020,92.31631,88.12337,
Middle East and North Africa (WB),,2021,92.55002,88.45477,
Middle East and North Africa (WB),,2022,92.67047,88.69928,
Middle East and North Africa (WB),,2023,92.76265,88.89105,
Middle-income countries,,1975,82.01004,64.32716,
Middle-income countries,,1976,81.9535,64.42027,
Middle-income countries,,1977,82.01001,64.81827,
Middle-income countries,,1978,82.3759,66.03637,
Middle-income countries,,1979,82.83411,67.3713,
Middle-income countries,,1980,83.08366,68.57013,
Middle-income countries,,1981,83.28573,69.6319,
Middle-income countries,,1982,83.47574,70.60695,
Middle-income countries,,1983,83.63856,71.48394,
Middle-income countries,,1984,83.91896,72.54979,
Middle-income countries,,1985,84.20709,73.49409,
Middle-income countries,,1986,84.48498,74.37282,
Middle-income countries,,1987,85.09667,75.5204,
Middle-income countries,,1988,86.11868,75.99687,
Middle-income countries,,1989,86.28904,76.53754,
Middle-income countries,,1990,86.49629,77.18838,
Middle-income countries,,1991,86.7337,77.76612,
Middle-income countries,,1992,87.15431,78.27636,
Middle-income countries,,1993,87.55365,78.67757,
Middle-income countries,,1994,87.75785,79.23101,
Middle-income countries,,1995,87.93865,79.80355,
Middle-income countries,,1996,88.12213,80.34395,
Middle-income countries,,1997,88.77795,81.90885,
Middle-income countries,,1998,90.0512,82.65903,
Middle-income countries,,1999,90.28239,83.27791,
Middle-income countries,,2000,90.33717,83.34249,
Middle-income countries,,2001,90.51095,83.98695,
Middle-income countries,,2002,90.74979,84.67358,
Middle-income countries,,2003,91.35642,85.30474,
Middle-income countries,,2004,91.55407,85.99099,
Middle-income countries,,2005,92.06743,86.04476,
Middle-income countries,,2006,91.59686,86.39862,
Middle-income countries,,2007,91.74972,86.94045,
Middle-income countries,,2008,92.10284,87.56419,
Middle-income countries,,2009,92.06343,87.81871,
Middle-income countries,,2010,92.6045,88.37341,
Middle-income countries,,2011,92.54603,88.65865,
Middle-income countries,,2012,92.80064,89.15755,
Middle-income countries,,2013,93.1949,89.80436,
Middle-income countries,,2014,93.34903,90.32415,
Middle-income countries,,2015,93.55546,90.80292,
Middle-income countries,,2016,93.68402,91.14309,
Middle-income countries,,2017,93.79107,91.32096,
Middle-income countries,,2018,93.95203,91.5865,
Middle-income countries,,2019,95.14548,92.6448,
Middle-income countries,,2020,95.25028,92.89353,
Middle-income countries,,2021,95.33419,93.1186,
Middle-income countries,,2022,95.42441,93.37184,
Middle-income countries,,2023,95.49074,93.56737,
Moldova,MDA,1989,100,100,
Moldova,MDA,2000,99,100,
Moldova,MDA,2005,99.87,99.95,
Moldova,MDA,2012,100,99.84,
Moldova,MDA,2014,100,100,
Moldova,MDA,2023,,,Europe
Monaco,MCO,2023,,,Europe
Mongolia,MNG,2000,97,98,
Mongolia,MNG,2010,98,99,
Mongolia,MNG,2018,99.6363,99.42351,
Mongolia,MNG,2020,99,99,
Mongolia,MNG,2022,99.61688,99.77098,
Mongolia,MNG,2023,,,Asia
Montenegro,MNE,1981,99,98,
Montenegro,MNE,1991,99,99,
Montenegro,MNE,2003,99,99,
Montenegro,MNE,2011,99,99,
Montenegro,MNE,2018,96.23099,98.95459,
Montenegro,MNE,2005,,99.21,
Montenegro,MNE,2013,,99.76,
Montenegro,MNE,2023,,,Europe
Montserrat,MSR,2023,,,North America
Morocco,MAR,1982,58,31,
Morocco,MAR,1994,71,46,
Morocco,MAR,2004,81,60,
Morocco,MAR,2008,86,70,
Morocco,MAR,2009,87,72,
Morocco,MAR,2011,89,74,
Morocco,MAR,2012,94,88,
Morocco,MAR,2023,,,Africa
Mozambique,MOZ,1980,64,25,
Mozambique,MOZ,1997,59,37,
Mozambique,MOZ,2003,74,50,
Mozambique,MOZ,2009,80,57,
Mozambique,MOZ,2015,79,63,
Mozambique,MOZ,2017,77,65,
Mozambique,MOZ,2020,76,65,
Mozambique,MOZ,2008,,39.45,
Mozambique,MOZ,2023,,,Africa
Myanmar,MMR,1983,89,81,
Myanmar,MMR,2000,96,93,
Myanmar,MMR,2014,94,94,
Myanmar,MMR,2016,91.15811,89.64611,
Myanmar,MMR,2019,95,96,
Myanmar,MMR,2023,,,Asia
Namibia,NAM,1991,86,90,
Namibia,NAM,2000,88.26,90.65,
Namibia,NAM,2001,91,94,
Namibia,NAM,2007,88.77,93.54,
Namibia,NAM,2011,93,95,
Namibia,NAM,2013,92.08,96.09,
Namibia,NAM,2023,,,Africa
Nauru,NRU,2023,,,Oceania
Nepal,NPL,1981,45,15,
Nepal,NPL,1991,68,33,
Nepal,NPL,2001,81,60,
Nepal,NPL,2006,94.24,75.51,
Nepal,NPL,2011,90,80,
Nepal,NPL,2016,94.43616,84.58498,
Nepal,NPL,2019,96.80686,92.07302,
Nepal,NPL,2022,97.16,89.2,
Nepal,NPL,2023,,,Asia
Netherlands,NLD,2023,,,Europe
Netherlands Antilles,ANT,2023,,,North America
New Caledonia,NCL,1976,97,98,
New Caledonia,NCL,1989,99,99,
New Caledonia,NCL,1996,99,99,
New Caledonia,NCL,2023,,,Oceania
New Zealand,NZL,2023,,,Oceania
Nicaragua,NIC,2001,85.3,89.4,
Nicaragua,NIC,2005,89.4,92.7,
Nicaragua,NIC,2009,92.6,94.8,
Nicaragua,NIC,2014,94.1,96.6,
Nicaragua,NIC,2023,,,North America
Niger,NER,2001,26,14,
Niger,NER,2005,52,23,
Niger,NER,2006,33.02,11.17,
Niger,NER,2012,49,32,
Niger,NER,2018,56.88975,36.36699,
Niger,NER,2022,63.96316,44.7403,
Niger,NER,2023,,,Africa
Nigeria,NGA,1991,81,62,
Nigeria,NGA,2003,78,61,
Nigeria,NGA,2006,83,75,
Nigeria,NGA,2008,78.5,51.6,
Nigeria,NGA,2013,86.17,70.75,
Nigeria,NGA,2016,78.43424,67.12351,
Nigeria,NGA,2018,71.80612,60.39587,
Nigeria,NGA,2021,77.77638,69.04957,
Nigeria,NGA,2007,,70.18,
Nigeria,NGA,2011,,79.84,
Nigeria,NGA,2023,,,Africa
Niue,NIU,2023,,,Oceania
Norfolk Island,NFK,2023,,,Oceania
North America (WB),,2003,99.62593,99.54726,
North America (WB),,2004,99.62974,99.54986,
North America (WB),,2005,99.63311,99.55087,
North America (WB),,2006,99.63755,99.55211,
North America (WB),,2007,99.63883,99.55438,
North America (WB),,2008,99.6403,99.55452,
North America (WB),,2017,99.6591,99.56526,
North America (WB),,2018,99.66024,99.56524,
North America (WB),,2019,99.66159,99.56584,
North America (WB),,2020,99.66034,99.56623,
North America (WB),,2021,99.66233,99.56689,
North America (WB),,2022,99.66295,99.567,
North Korea,PRK,2008,100,100,
North Korea,PRK,2023,,,Asia
North Macedonia,MKD,1994,99,99,
North Macedonia,MKD,2002,99,98,
North Macedonia,MKD,2005,,98.69,
North Macedonia,MKD,2011,,99.36,
North Macedonia,MKD,2018,,98.74764,
North Macedonia,MKD,2023,,,Europe
Northern Africa and Western Asia (SDG),,1976,80.1768,58.44754,
Northern Africa and Western Asia (SDG),,1977,80.46183,59.38309,
Northern Africa and Western Asia (SDG),,1978,80.73648,60.23682,
Northern Africa and Western Asia (SDG),,1979,81.42589,60.79308,
Northern Africa and Western Asia (SDG),,1980,81.66279,61.67044,
Northern Africa and Western Asia (SDG),,1981,81.94828,62.55823,
Northern Africa and Western Asia (SDG),,1982,82.24888,63.47431,
Northern Africa and Western Asia (SDG),,1983,82.74415,63.92203,
Northern Africa and Western Asia (SDG),,1984,83.72984,66.18115,
Northern Africa and Western Asia (SDG),,1985,84.23051,67.27975,
Northern Africa and Western Asia (SDG),,1986,84.74233,68.36292,
Northern Africa and Western Asia (SDG),,1987,85.19118,69.39275,
Northern Africa and Western Asia (SDG),,1988,85.65983,70.46206,
Northern Africa and Western Asia (SDG),,1989,86.2774,71.21717,
Northern Africa and Western Asia (SDG),,1990,86.77123,72.29262,
Northern Africa and Western Asia (SDG),,1991,87.62791,73.40488,
Northern Africa and Western Asia (SDG),,1992,88.09057,74.42594,
Northern Africa and Western Asia (SDG),,1993,88.13447,73.79197,
Northern Africa and Western Asia (SDG),,1994,88.44629,74.7156,
Northern Africa and Western Asia (SDG),,1995,88.81908,75.68437,
Northern Africa and Western Asia (SDG),,1996,89.17943,76.75329,
Northern Africa and Western Asia (SDG),,1997,89.49842,77.78434,
Northern Africa and Western Asia (SDG),,1998,89.68784,78.69692,
Northern Africa and Western Asia (SDG),,1999,89.90529,79.65437,
Northern Africa and Western Asia (SDG),,2000,90.36577,80.47546,
Northern Africa and Western Asia (SDG),,2001,90.72356,81.42355,
Northern Africa and Western Asia (SDG),,2002,90.98169,82.30246,
Northern Africa and Western Asia (SDG),,2003,92.36484,82.6261,
Northern Africa and Western Asia (SDG),,2004,92.53676,83.45652,
Northern Africa and Western Asia (SDG),,2005,92.72336,84.12263,
Northern Africa and Western Asia (SDG),,2006,90.81431,83.61319,
Northern Africa and Western Asia (SDG),,2007,91.32681,84.49342,
Northern Africa and Western Asia (SDG),,2008,91.77027,85.2762,
Northern Africa and Western Asia (SDG),,2009,90.00552,83.06166,
Northern Africa and Western Asia (SDG),,2010,90.27802,83.64832,
Northern Africa and Western Asia (SDG),,2011,90.83069,84.23535,
Northern Africa and Western Asia (SDG),,2012,91.40776,85.4149,
Northern Africa and Western Asia (SDG),,2013,91.66172,86.49718,
Northern Africa and Western Asia (SDG),,2014,91.6782,86.83956,
Northern Africa and Western Asia (SDG),,2015,91.68989,87.19533,
Northern Africa and Western Asia (SDG),,2016,90.51795,86.01057,
Northern Africa and Western Asia (SDG),,2017,90.6555,86.46706,
Northern Africa and Western Asia (SDG),,2018,90.74045,86.80387,
Northern Africa and Western Asia (SDG),,2019,90.84184,87.07572,
Northern Africa and Western Asia (SDG),,2020,90.97112,87.32796,
Northern Africa and Western Asia (SDG),,2021,91.14234,87.58399,
Northern Africa and Western Asia (SDG),,2022,91.21332,87.76496,
Northern Africa and Western Asia (SDG),,2023,91.25193,87.87527,
Northern Mariana Islands,MNP,2023,,,Oceania
Norway,NOR,2023,,,Europe
Oceania (excluding Australia and New Zealand) (SDG),,1994,77.99778,69.92531,
Oceania (excluding Australia and New Zealand) (SDG),,1995,77.93086,69.80773,
Oceania (excluding Australia and New Zealand) (SDG),,1996,77.80159,70.52277,
Oceania (excluding Australia and New Zealand) (SDG),,1997,77.57193,71.17595,
Oceania (excluding Australia and New Zealand) (SDG),,1998,77.23113,71.75108,
Oceania (excluding Australia and New Zealand) (SDG),,1999,76.60148,72.01319,
Oceania (excluding Australia and New Zealand) (SDG),,2000,75.68379,71.95756,
Oceania (excluding Australia and New Zealand) (SDG),,2001,75.20317,72.38272,
Oceania (excluding Australia and New Zealand) (SDG),,2002,74.65344,72.7736,
Oceania (excluding Australia and New Zealand) (SDG),,2003,74.06713,73.14567,
Oceania (excluding Australia and New Zealand) (SDG),,2004,73.51779,73.54148,
Oceania (excluding Australia and New Zealand) (SDG),,2005,72.99228,73.94499,
Oceania (excluding Australia and New Zealand) (SDG),,2006,72.42972,74.27674,
Oceania (excluding Australia and New Zealand) (SDG),,2007,71.91764,74.65142,
Oceania (excluding Australia and New Zealand) (SDG),,2008,71.43784,75.06341,
Oceania (excluding Australia and New Zealand) (SDG),,2009,71.16369,75.7507,
Oceania (excluding Australia and New Zealand) (SDG),,2010,71.10046,76.70676,
Oceania (excluding Australia and New Zealand) (SDG),,2011,70.99472,76.65435,
Oceania (excluding Australia and New Zealand) (SDG),,2012,70.90169,76.61355,
Oceania (excluding Australia and New Zealand) (SDG),,2013,70.80942,76.57255,
Oceania (excluding Australia and New Zealand) (SDG),,2014,70.69678,76.51877,
Oceania (excluding Australia and New Zealand) (SDG),,2016,70.49173,76.40004,
Oceania (excluding Australia and New Zealand) (SDG),,2017,70.40302,76.33891,
Oceania (excluding Australia and New Zealand) (SDG),,2018,70.31829,76.28157,
Oceania (excluding Australia and New Zealand) (SDG),,2019,70.24382,76.2324,
Oceania (excluding Australia and New Zealand) (SDG),,2020,70.17836,76.19174,
Oceania (excluding Australia and New Zealand) (SDG),,2021,70.16173,76.17388,
Oman,OMN,2003,66,85,
Oman,OMN,2008,98,98,
Oman,OMN,2010,97,98,
Oman,OMN,2015,99,99,
Oman,OMN,2017,98,99,
Oman,OMN,2018,98,99,
Oman,OMN,2020,100,100,
Oman,OMN,2022,100,100,
Oman,OMN,2023,,,Asia
Orange Free State,,2023,,,Africa
Pakistan,PAK,1981,45,24,
Pakistan,PAK,1998,67,43,
Pakistan,PAK,2005,77,53,
Pakistan,PAK,2006,79,58,
Pakistan,PAK,2007,75,57,
Pakistan,PAK,2008,79,61,
Pakistan,PAK,2009,79,61,
Pakistan,PAK,2010,80,62,
Pakistan,PAK,2011,78,63,
Pakistan,PAK,2012,80,64,
Pakistan,PAK,2013,79,63,
Pakistan,PAK,2014,80,66,
Pakistan,PAK,2017,81,68,
Pakistan,PAK,2018,80,64,
Pakistan,PAK,2019,80,65,
Pakistan,PAK,2021,79.45763,66.52292,
Pakistan,PAK,2023,,,Asia
Pakistan (former),,2023,,,Asia
Palau,PLW,1980,94,94,
Palau,PLW,2013,100,100,
Palau,PLW,2015,98,99,
Palau,PLW,2023,,,Oceania
Palestine,PSE,1997,97,97,
Palestine,PSE,2004,99,99,
Palestine,PSE,2006,99,99,
Palestine,PSE,2007,99,99,
Palestine,PSE,2008,99,99,
Palestine,PSE,2009,99,99,
Palestine,PSE,2010,99,99,
Palestine,PSE,2011,99,99,
Palestine,PSE,2012,99,99,
Palestine,PSE,2013,99,99,
Palestine,PSE,2014,99,99,
Palestine,PSE,2015,99,99,
Palestine,PSE,2016,99,99,
Palestine,PSE,2017,99,99,
Palestine,PSE,2018,99,99,
Palestine,PSE,2019,99,99,
Palestine,PSE,2020,99,99,
Palestine,PSE,2022,99,99,
Palestine,PSE,2023,,,Asia
Panama,PAN,1980,96,96,
Panama,PAN,1990,95,95,
Panama,PAN,2000,97,96,
Panama,PAN,2010,98,97,
Panama,PAN,2014,98.4,97.6,
Panama,PAN,2015,98.4,98.1,
Panama,PAN,2016,99.1,98.4,
Panama,PAN,2017,99.3,98.8,
Panama,PAN,2018,99.3,98.9,
Panama,PAN,2019,98.9,98.9,
Panama,PAN,2021,99.3,99.2,
Panama,PAN,2022,99.4,99.3,
Panama,PAN,2023,98.8,98.9,North America
Papua New Guinea,PNG,2000,69,64,
Papua New Guinea,PNG,2017,87.25939,78.08662,
Papua New Guinea,PNG,2023,,,Oceania
Paraguay,PRY,1982,90,89,
Paraguay,PRY,1992,96,95,
Paraguay,PRY,2001,95.7,95.6,
Paraguay,PRY,2002,97.6,97.3,
Paraguay,PRY,2003,97.3,97.5,
Paraguay,PRY,2004,97.3,97.2,
Paraguay,PRY,2005,97.6,98.1,
Paraguay,PRY,2006,98.4,97.9,
Paraguay,PRY,2007,98.6,98.8,
Paraguay,PRY,2008,97.6,98.2,
Paraguay,PRY,2009,98,99,
Paraguay,PRY,2010,98.5,98.6,
Paraguay,PRY,2011,98.3,98.7,
Paraguay,PRY,2012,98.3,98.1,
Paraguay,PRY,2013,98.6,99.2,
Paraguay,PRY,2014,99,98.5,
Paraguay,PRY,2015,98.4,99,
Paraguay,PRY,2016,98.2,98.7,
Paraguay,PRY,2017,97.7,98.9,
Paraguay,PRY,2018,97.7,98.9,
Paraguay,PRY,2019,98,98.7,
Paraguay,PRY,2020,98.6,98.7,
Paraguay,PRY,2021,98.1,99.2,
Paraguay,PRY,2022,98.5,98.8,
Paraguay,PRY,2023,98.8,99,South America
Peru,PER,1981,97,90,
Peru,PER,1993,97,94,
Peru,PER,2000,99.1,96.1,
Peru,PER,2001,98.2,96.1,
Peru,PER,2002,97.6,95.9,
Peru,PER,2003,97.6,96,
Peru,PER,2004,98.4,96.3,
Peru,PER,2005,98.1,96.8,
Peru,PER,2006,98.6,97.3,
Peru,PER,2007,98.1,97,
Peru,PER,2008,98.2,97.5,
Peru,PER,2009,98.7,97.9,
Peru,PER,2010,98.6,98,
Peru,PER,2011,98.6,98.3,
Peru,PER,2012,98.7,98.7,
Peru,PER,2013,98.9,98.9,
Peru,PER,2014,99.2,98.8,
Peru,PER,2015,99.3,98.8,
Peru,PER,2016,99.1,98.8,
Peru,PER,2017,99.3,98.9,
Peru,PER,2018,99.1,99,
Peru,PER,2019,99.1,99.1,
Peru,PER,2020,99.6,99.4,
Peru,PER,2021,99.1,99.2,
Peru,PER,2022,99.3,99.3,
Peru,PER,2023,99.3,99.4,South America
Philippines,PHL,1980,91,92,
Philippines,PHL,1990,96,97,
Philippines,PHL,1994,96,96,
Philippines,PHL,2000,94,96,
Philippines,PHL,2003,94,97,
Philippines,PHL,2008,97,98,
Philippines,PHL,2013,97,99,
Philippines,PHL,2015,99,99,
Philippines,PHL,2017,100,100,
Philippines,PHL,2019,98,99,
Philippines,PHL,2020,99,99,
Philippines,PHL,2022,100,99.51506,
Philippines,PHL,2023,,,Asia
Pitcairn,PCN,2023,,,Oceania
Poland,POL,1978,100,100,
Poland,POL,2023,,,Europe
Portugal,PRT,1981,98,98,
Portugal,PRT,1991,99,99,
Portugal,PRT,2011,99,99,
Portugal,PRT,2023,,,Europe
Puerto Rico,PRI,1980,93,94,
Puerto Rico,PRI,1990,92,94,
Puerto Rico,PRI,2010,99,99,
Puerto Rico,PRI,2017,92,92,
Puerto Rico,PRI,2023,,,North America
Qatar,QAT,1986,89,91,
Qatar,QAT,1997,94,96,
Qatar,QAT,2004,95,98,
Qatar,QAT,2007,99,99,
Qatar,QAT,2008,95,97,
Qatar,QAT,2009,98,98,
Qatar,QAT,2010,96,98,
Qatar,QAT,2011,98,99,
Qatar,QAT,2012,99,100,
Qatar,QAT,2013,99,99,
Qatar,QAT,2014,98,100,
Qatar,QAT,2023,,,Asia
Republic of Vietnam,OWID_RVN,2023,,,Asia
Reunion,REU,1982,94,98,
Reunion,REU,2023,,,Africa
Romania,ROU,1992,99,99,
Romania,ROU,2002,98,98,
Romania,ROU,2011,99,99,
Romania,ROU,2021,100,100,
Romania,ROU,2023,,,Europe
Russia,RUS,1989,100,100,
Russia,RUS,2002,100,100,
Russia,RUS,2010,100,100,
Russia,RUS,2021,100,100,
Russia,RUS,2023,,,Europe
Rwanda,RWA,1978,60,45,
Rwanda,RWA,2000,79,77,
Rwanda,RWA,2005,72.72,68.21,
Rwanda,RWA,2010,80.31,80.06,
Rwanda,RWA,2012,81,83,
Rwanda,RWA,2014,84,86,
Rwanda,RWA,2015,87.92002,89.17011,
Rwanda,RWA,2018,84,89,
Rwanda,RWA,2020,90.36046,92.69652,
Rwanda,RWA,2022,88,92,
Rwanda,RWA,2023,,,Africa
Saint Barthelemy,BLM,2023,,,North America
Saint Helena,SHN,1998,99,100,
Saint Helena,SHN,2023,,,Africa
Saint Kitts and Nevis,KNA,2023,,,North America
Saint Lucia,LCA,2012,100,99.96,
Saint Lucia,LCA,2023,,,North America
Saint Martin (French part),MAF,2023,,,North America
Saint Pierre and Miquelon,SPM,1982,99,99,
Saint Pierre and Miquelon,SPM,2023,,,North America
Saint Vincent and the Grenadines,VCT,1970,98,98,
Saint Vincent and the Grenadines,VCT,2023,,,North America
Samoa,WSM,1991,99,99,
Samoa,WSM,2011,99,99,
Samoa,WSM,2016,100,100,
Samoa,WSM,2019,98.54096,99.55731,
Samoa,WSM,2023,,,Oceania
San Marino,SMR,2022,100,100,
San Marino,SMR,2023,,,Europe
Sao Tome and Principe,STP,1981,91,74,
Sao Tome and Principe,STP,1991,96,92,
Sao Tome and Principe,STP,2001,96,95,
Sao Tome and Principe,STP,2012,97,96,
Sao Tome and Principe,STP,2019,95.85022,95.07206,
Sao Tome and Principe,STP,2014,,100,
Sao Tome and Principe,STP,2023,,,Africa
Saudi Arabia,SAU,1992,94,81,
Saudi Arabia,SAU,2000,98,94,
Saudi Arabia,SAU,2004,97,95,
Saudi Arabia,SAU,2013,99,99,
Saudi Arabia,SAU,2017,99,99,
Saudi Arabia,SAU,2020,100,99,
Saudi Arabia,SAU,2023,,,Asia
Senegal,SEN,1988,49,28,
Senegal,SEN,2002,58,41,
Senegal,SEN,2005,57.43,34.01,
Senegal,SEN,2006,58,45,
Senegal,SEN,2009,72,55,
Senegal,SEN,2011,74,59,
Senegal,SEN,2013,63,51,
Senegal,SEN,2014,63.45,51.06,
Senegal,SEN,2015,65.78748,56.87536,
Senegal,SEN,2016,69.407,59.88586,
Senegal,SEN,2017,76,64,
Senegal,SEN,2018,66.22319,65.68582,
Senegal,SEN,2019,68.82227,64.02553,
Senegal,SEN,2023,69.2685,65.59709,Africa
Serbia,SRB,2003,99,99,
Serbia,SRB,2011,99,99,
Serbia,SRB,2016,100,100,
Serbia,SRB,2019,100,100,
Serbia,SRB,2005,,99.63,
Serbia,SRB,2014,,99.83,
Serbia,SRB,2023,,,Europe
Serbia and Montenegro,OWID_SRM,2023,,,Europe
Seychelles,SYC,1987,97,98,
Seychelles,SYC,1994,98,99,
Seychelles,SYC,2002,99,99,
Seychelles,SYC,2010,99,99,
Seychelles,SYC,2023,,,Africa
Sierra Leone,SLE,2004,60,37,
Sierra Leone,SLE,2008,73.58,41.3,
Sierra Leone,SLE,2013,79.69,57.34,
Sierra Leone,SLE,2017,78.74271,68.66314,
Sierra Leone,SLE,2019,78.1976,67.86192,
Sierra Leone,SLE,2005,,37.15,
Sierra Leone,SLE,2010,,49.46,
Sierra Leone,SLE,2023,,,Africa
Singapore,SGP,1980,96,96,
Singapore,SGP,1990,99,99,
Singapore,SGP,2000,99,100,
Singapore,SGP,2010,100,100,
Singapore,SGP,2011,100,100,
Singapore,SGP,2012,100,100,
Singapore,SGP,2013,100,100,
Singapore,SGP,2014,100,100,
Singapore,SGP,2015,100,100,
Singapore,SGP,2016,100,100,
Singapore,SGP,2017,100,100,
Singapore,SGP,2018,100,100,
Singapore,SGP,2019,100,100,
Singapore,SGP,2020,100,100,
Singapore,SGP,2021,100,100,
Singapore,SGP,2023,,,Asia
Sint Maarten (Dutch part),SXM,2023,,,North America
Slovakia,SVK,2023,,,Europe
Slovenia,SVN,1991,100,100,
Slovenia,SVN,2023,,,Europe
Solomon Islands,SLB,2023,,,Oceania
Somalia,SOM,2022,76,65,
Somalia,SOM,2006,,23.79,
Somalia,SOM,2023,,,Africa
South Africa,ZAF,1980,85,85,
South Africa,ZAF,1996,93,94,
South Africa,ZAF,2007,97,98,
South Africa,ZAF,2009,98,99,
South Africa,ZAF,2010,98,99,
South Africa,ZAF,2011,98,99,
South Africa,ZAF,2012,98,99,
South Africa,ZAF,2014,99,99,
South Africa,ZAF,2015,99,99,
South Africa,ZAF,2016,95.83106,97.71958,
South Africa,ZAF,2017,94,97,
South Africa,ZAF,2019,98,99,
South Africa,ZAF,2021,96,97,
South Africa,ZAF,2023,,,Africa
South Asia (WB),,1975,61.23359,32.74992,
South Asia (WB),,1976,61.21412,32.72811,
South Asia (WB),,1977,61.64887,33.80736,
South Asia (WB),,1978,61.9847,34.88634,
South Asia (WB),,1979,62.23472,35.96832,
South Asia (WB),,1980,62.3737,36.94905,
South Asia (WB),,1981,62.3914,37.82758,
South Asia (WB),,1982,62.57432,38.92459,
South Asia (WB),,1983,62.71156,40.01843,
South Asia (WB),,1984,62.81609,41.12846,
South Asia (WB),,1985,62.97352,42.23746,
South Asia (WB),,1986,63.16405,43.34882,
South Asia (WB),,1987,63.43552,44.40838,
South Asia (WB),,1988,66.51168,42.31399,
South Asia (WB),,1989,67.4087,44.00039,
South Asia (WB),,1990,68.20921,45.63503,
South Asia (WB),,1991,68.92892,47.24611,
South Asia (WB),,1992,70.42248,48.73938,
South Asia (WB),,1993,71.8677,50.23563,
South Asia (WB),,1994,72.58117,51.90192,
South Asia (WB),,1995,73.29805,53.54513,
South Asia (WB),,1996,74.01736,55.14931,
South Asia (WB),,1997,74.6834,56.55587,
South Asia (WB),,1998,78.93805,59.33065,
South Asia (WB),,1999,79.58144,61.19646,
South Asia (WB),,2000,80.11587,62.95541,
South Asia (WB),,2001,80.55457,64.61875,
South Asia (WB),,2002,81.07521,66.302,
South Asia (WB),,2003,82.17898,67.5551,
South Asia (WB),,2004,82.60598,69.19014,
South Asia (WB),,2005,84.34488,69.3995,
South Asia (WB),,2006,83.2914,70.5399,
South Asia (WB),,2007,83.58977,72.24752,
South Asia (WB),,2008,84.51249,73.95381,
South Asia (WB),,2009,85.06028,75.67667,
South Asia (WB),,2010,86.65498,77.2101,
South Asia (WB),,2011,86.86274,78.52292,
South Asia (WB),,2012,87.20437,79.44468,
South Asia (WB),,2013,88.39692,81.3398,
South Asia (WB),,2014,88.77747,82.62181,
South Asia (WB),,2015,89.4431,84.15232,
South Asia (WB),,2016,90.26568,85.64712,
South Asia (WB),,2017,90.72693,86.29461,
South Asia (WB),,2018,90.6786,86.08996,
South Asia (WB),,2019,93.54365,88.6587,
South Asia (WB),,2020,93.79383,89.36649,
South Asia (WB),,2021,94.11137,90.07337,
South Asia (WB),,2022,94.38901,90.81525,
South Asia (WB),,2023,94.64723,91.47357,
South Georgia and the South Sandwich Islands,SGS,2023,,,South America
South Korea,KOR,2008,100,100,
South Korea,KOR,2023,,,Asia
South Sudan,SSD,2008,44,30,
South Sudan,SSD,2010,,24.87,
South Sudan,SSD,2023,,,Africa
Spain,ESP,1981,99,99,
Spain,ESP,1991,100,100,
Spain,ESP,2004,100,100,
Spain,ESP,2005,100,100,
Spain,ESP,2006,100,99,
Spain,ESP,2007,100,100,
Spain,ESP,2008,100,100,
Spain,ESP,2009,100,100,
Spain,ESP,2010,100,100,
Spain,ESP,2011,100,100,
Spain,ESP,2012,100,100,
Spain,ESP,2013,100,100,
Spain,ESP,2014,100,100,
Spain,ESP,2015,100,100,
Spain,ESP,2016,100,100,
Spain,ESP,2018,100,100,
Spain,ESP,2020,99,100,
Spain,ESP,2021,100,100,
Spain,ESP,2023,,,Europe
Sri Lanka,LKA,1981,92,90,
Sri Lanka,LKA,2001,95,96,
Sri Lanka,LKA,2006,97,98,
Sri Lanka,LKA,2008,97,99,
Sri Lanka,LKA,2010,98,99,
Sri Lanka,LKA,2016,98,99,
Sri Lanka,LKA,2017,99,99,
Sri Lanka,LKA,2018,99,99,
Sri Lanka,LKA,2019,99,99,
Sri Lanka,LKA,2020,99,99,
Sri Lanka,LKA,2021,99,99,
Sri Lanka,LKA,2022,98,99,
Sri Lanka,LKA,2023,99,99,Asia
Sub-Saharan Africa (SDG),,1984,70.43321,53.65901,
Sub-Saharan Africa (SDG),,1985,70.81741,54.50004,
Sub-Saharan Africa (SDG),,1986,71.08217,55.20773,
Sub-Saharan Africa (SDG),,1987,71.60052,56.15547,
Sub-Saharan Africa (SDG),,1988,71.72021,56.74593,
Sub-Saharan Africa (SDG),,1989,72.03917,57.48826,
Sub-Saharan Africa (SDG),,1990,72.29014,58.32958,
Sub-Saharan Africa (SDG),,1991,72.2987,58.80754,
Sub-Saharan Africa (SDG),,1992,72.05907,58.99608,
Sub-Saharan Africa (SDG),,1993,72.08115,59.63437,
Sub-Saharan Africa (SDG),,1994,72.18253,60.30622,
Sub-Saharan Africa (SDG),,1995,71.97712,60.54249,
Sub-Saharan Africa (SDG),,1996,71.98382,61.27053,
Sub-Saharan Africa (SDG),,1997,72.15557,62.15856,
Sub-Saharan Africa (SDG),,1998,72.20642,62.15919,
Sub-Saharan Africa (SDG),,1999,72.93401,62.95219,
Sub-Saharan Africa (SDG),,2000,71.98056,60.39209,
Sub-Saharan Africa (SDG),,2001,72.22311,61.33031,
Sub-Saharan Africa (SDG),,2002,74.55391,61.69737,
Sub-Saharan Africa (SDG),,2003,74.41884,62.31926,
Sub-Saharan Africa (SDG),,2004,74.9079,63.03124,
Sub-Saharan Africa (SDG),,2005,74.3745,62.67028,
Sub-Saharan Africa (SDG),,2006,74.48927,62.25977,
Sub-Saharan Africa (SDG),,2007,74.51744,62.46845,
Sub-Saharan Africa (SDG),,2008,74.663,62.84819,
Sub-Saharan Africa (SDG),,2009,75.04334,63.27447,
Sub-Saharan Africa (SDG),,2010,75.64068,64.61997,
Sub-Saharan Africa (SDG),,2011,76.85467,67.16404,
Sub-Saharan Africa (SDG),,2012,78.12264,68.71044,
Sub-Saharan Africa (SDG),,2013,78.90765,69.77118,
Sub-Saharan Africa (SDG),,2014,79.18538,70.63868,
Sub-Saharan Africa (SDG),,2015,79.54214,71.49852,
Sub-Saharan Africa (SDG),,2016,79.74457,72.37485,
Sub-Saharan Africa (SDG),,2017,80.03684,73.19637,
Sub-Saharan Africa (SDG),,2018,80.90309,74.63522,
Sub-Saharan Africa (SDG),,2019,80.98639,74.99446,
Sub-Saharan Africa (SDG),,2020,81.04912,75.18506,
Sub-Saharan Africa (SDG),,2021,81.16229,75.56274,
Sub-Saharan Africa (SDG),,2022,81.32142,75.94742,
Sub-Saharan Africa (SDG),,2023,81.43321,76.2435,
Sub-Saharan Africa (WB),,1985,71.36318,54.93128,
Sub-Saharan Africa (WB),,1986,71.60516,55.59864,
Sub-Saharan Africa (WB),,1987,72.09146,56.50027,
Sub-Saharan Africa (WB),,1988,72.19366,57.05974,
Sub-Saharan Africa (WB),,1989,72.48472,57.76546,
Sub-Saharan Africa (WB),,1990,72.71775,58.56817,
Sub-Saharan Africa (WB),,1991,72.7188,59.02214,
Sub-Saharan Africa (WB),,1992,72.48352,59.19959,
Sub-Saharan Africa (WB),,1993,72.50194,59.81377,
Sub-Saharan Africa (WB),,1994,72.60356,60.45989,
Sub-Saharan Africa (WB),,1995,72.41475,60.68785,
Sub-Saharan Africa (WB),,1996,72.45479,61.44891,
Sub-Saharan Africa (WB),,1997,72.65162,62.3643,
Sub-Saharan Africa (WB),,1998,72.72885,62.42521,
Sub-Saharan Africa (WB),,1999,73.44743,63.24683,
Sub-Saharan Africa (WB),,2000,72.55322,60.84378,
Sub-Saharan Africa (WB),,2001,72.80689,61.80151,
Sub-Saharan Africa (WB),,2002,75.05337,62.20535,
Sub-Saharan Africa (WB),,2003,74.9335,62.84995,
Sub-Saharan Africa (WB),,2004,75.41172,63.58071,
Sub-Saharan Africa (WB),,2005,74.91303,63.28228,
Sub-Saharan Africa (WB),,2006,74.18462,62.1581,
Sub-Saharan Africa (WB),,2007,74.22833,62.4056,
Sub-Saharan Africa (WB),,2008,74.385,62.81743,
Sub-Saharan Africa (WB),,2009,74.77022,63.27435,
Sub-Saharan Africa (WB),,2010,75.36194,64.61118,
Sub-Saharan Africa (WB),,2011,76.54916,67.10008,
Sub-Saharan Africa (WB),,2012,77.78892,68.62974,
Sub-Saharan Africa (WB),,2013,78.56353,69.69256,
Sub-Saharan Africa (WB),,2014,78.85027,70.56996,
Sub-Saharan Africa (WB),,2015,79.20958,71.43871,
Sub-Saharan Africa (WB),,2016,79.42151,72.32338,
Sub-Saharan Africa (WB),,2017,79.71815,73.15344,
Sub-Saharan Africa (WB),,2018,80.56685,74.57623,
Sub-Saharan Africa (WB),,2019,80.64873,74.9221,
Sub-Saharan Africa (WB),,2020,80.71279,75.10625,
Sub-Saharan Africa (WB),,2021,80.82516,75.47069,
Sub-Saharan Africa (WB),,2022,80.98119,75.84205,
Sub-Saharan Africa (WB),,2023,81.09069,76.12796,
Sudan,SDN,2000,86,72,
Sudan,SDN,2008,69,63,
Sudan,SDN,2010,,64.81,
Sudan,SDN,2014,,100,
Sudan,SDN,2023,,,Africa
Sudan (former),,2023,,,Africa
Suriname,SUR,2004,96,94,
Suriname,SUR,2008,99,99,
Suriname,SUR,2010,98,99,
Suriname,SUR,2012,98,97,
Suriname,SUR,2018,97.44166,97.9577,
Suriname,SUR,2006,,94.92,
Suriname,SUR,2023,,,South America
Sweden,SWE,2023,,,Europe
Switzerland,CHE,2023,,,Europe
Syria,SYR,1981,89,59,
Syria,SYR,2002,97,93,
Syria,SYR,2004,95,90,
Syria,SYR,2021,98,98,
Syria,SYR,2006,,89.05,
Syria,SYR,2023,,,Asia
Taiwan,TWN,2023,,,Asia
Tajikistan,TJK,1989,100,100,
Tajikistan,TJK,2000,100,100,
Tajikistan,TJK,2017,100,96.42241,
Tajikistan,TJK,2012,,100,
Tajikistan,TJK,2023,,,Asia
Tanzania,TZA,1988,86,78,
Tanzania,TZA,2002,81,76,
Tanzania,TZA,2012,87,85,
Tanzania,TZA,2015,87,85,
Tanzania,TZA,2022,88.81121,85.12921,
Tanzania,TZA,2023,,,Africa
Thailand,THA,1980,98,96,
Thailand,THA,2000,98,98,
Thailand,THA,2005,98,98,
Thailand,THA,2010,97,97,
Thailand,THA,2013,98,99,
Thailand,THA,2015,98,98,
Thailand,THA,2016,97.36126,97.63726,
Thailand,THA,2018,98,99,
Thailand,THA,2019,98.46694,98.57724,
Thailand,THA,2022,97.94499,98.42796,
Thailand,THA,2023,,,Asia
Togo,TGO,2000,84,64,
Togo,TGO,2006,85,68,
Togo,TGO,2009,88,75,
Togo,TGO,2011,87,73,
Togo,TGO,2014,88.61,67.68,
Togo,TGO,2015,90,78,
Togo,TGO,2017,89.43568,74.7365,
Togo,TGO,2019,92,84,
Togo,TGO,2022,93.32553,87.65002,
Togo,TGO,2010,,51.42,
Togo,TGO,2023,,,Africa
Tokelau,TKL,2023,,,Oceania
Tonga,TON,1976,100,100,
Tonga,TON,1996,99,99,
Tonga,TON,2006,99,100,
Tonga,TON,2011,99,100,
Tonga,TON,2016,98,98,
Tonga,TON,2019,99.91556,99.87335,
Tonga,TON,2023,,,Oceania
Trinidad and Tobago,TTO,1980,99,99,
Trinidad and Tobago,TTO,1990,99,99,
Trinidad and Tobago,TTO,2022,89.05,99.7281,
Trinidad and Tobago,TTO,2006,,99.18,
Trinidad and Tobago,TTO,2023,,,North America
Tunisia,TUN,1984,86,63,
Tunisia,TUN,2004,96,92,
Tunisia,TUN,2007,98,95,
Tunisia,TUN,2008,98,95,
Tunisia,TUN,2010,98,96,
Tunisia,TUN,2011,98,96,
Tunisia,TUN,2012,98,96,
Tunisia,TUN,2014,97,96,
Tunisia,TUN,2018,98.38471,97.53666,
Tunisia,TUN,2019,97,97,
Tunisia,TUN,2021,98.83691,99.05225,
Tunisia,TUN,2023,98.1943,98.12705,Africa
Turkey,TUR,1975,91,68,
Turkey,TUR,1980,94,75,
Turkey,TUR,1985,96,86,
Turkey,TUR,1990,97,88,
Turkey,TUR,2004,98,93,
Turkey,TUR,2005,98,94,
Turkey,TUR,2006,98,94,
Turkey,TUR,2007,99,94,
Turkey,TUR,2009,99,97,
Turkey,TUR,2010,99,97,
Turkey,TUR,2011,99,98,
Turkey,TUR,2012,100,98,
Turkey,TUR,2013,100,99,
Turkey,TUR,2014,100,99,
Turkey,TUR,2015,100,99,
Turkey,TUR,2016,100,99,
Turkey,TUR,2017,100,100,
Turkey,TUR,2018,100,98.8,
Turkey,TUR,2019,100,100,
Turkey,TUR,2021,100,100,
Turkey,TUR,2022,92.57,91.87,
Turkey,TUR,2023,,,Asia
Turkmenistan,TKM,1995,100,100,
Turkmenistan,TKM,2015,,99.83259,
Turkmenistan,TKM,2019,,99.98405,
Turkmenistan,TKM,2023,,,Asia
Turks and Caicos Islands,TCA,2020,99.88,100,
Turks and Caicos Islands,TCA,2023,,,North America
Tuvalu,TUV,2019,99.09656,98.50764,
Tuvalu,TUV,2023,,,Oceania
USSR,OWID_USS,2023,,,Europe
Uganda,UGA,1991,77,63,
Uganda,UGA,2002,86,76,
Uganda,UGA,2006,87,81,
Uganda,UGA,2010,90,85,
Uganda,UGA,2012,86,82,
Uganda,UGA,2016,81.41776,78.18981,
Uganda,UGA,2023,,,Africa
Ukraine,UKR,2001,100,100,
Ukraine,UKR,2005,,100,
Ukraine,UKR,2023,,,Europe
United Arab Emirates,ARE,1975,66,56,
United Arab Emirates,ARE,1985,81,85,
United Arab Emirates,ARE,2005,94,97,
United Arab Emirates,ARE,2019,98,99,
United Arab Emirates,ARE,2021,100,100,
United Arab Emirates,ARE,2022,100,100,
United Arab Emirates,ARE,2023,100,100,Asia
United Kingdom,GBR,2023,,,Europe
United States,USA,2023,,,North America
United States Virgin Islands,VIR,2023,,,North America
Upper-middle-income countries,,1976,91.12792,75.8102,
Upper-middle-income countries,,1977,91.19227,76.23382,
Upper-middle-income countries,,1978,91.68901,77.93932,
Upper-middle-income countries,,1979,92.23839,79.64136,
Upper-middle-income countries,,1980,92.60793,81.30511,
Upper-middle-income countries,,1981,92.93683,82.77965,
Upper-middle-income countries,,1982,93.15796,83.96197,
Upper-middle-income countries,,1983,93.4401,85.15379,
Upper-middle-income countries,,1984,93.75968,86.28322,
Upper-middle-income countries,,1985,93.99423,87.09505,
Upper-middle-income countries,,1986,94.21991,87.842,
Upper-middle-income countries,,1987,94.85824,88.94913,
Upper-middle-income countries,,1988,95.26347,90.77799,
Upper-middle-income countries,,1989,95.32923,91.18136,
Upper-middle-income countries,,1990,95.47237,91.73029,
Upper-middle-income countries,,1991,95.69874,92.20113,
Upper-middle-income countries,,1992,95.88485,92.61763,
Upper-middle-income countries,,1993,96.0724,93.00922,
Upper-middle-income countries,,1994,96.25916,93.42463,
Upper-middle-income countries,,1995,96.46448,93.88871,
Upper-middle-income countries,,1996,96.55877,94.25958,
Upper-middle-income countries,,1997,97.60968,96.68306,
Upper-middle-income countries,,1998,97.6549,96.80286,
Upper-middle-income countries,,1999,97.70646,96.97013,
Upper-middle-income countries,,2000,97.79391,97.0581,
Upper-middle-income countries,,2001,97.85461,97.19832,
Upper-middle-income countries,,2002,97.99065,97.38526,
Upper-middle-income countries,,2003,98.2334,97.6757,
Upper-middle-income countries,,2004,98.30662,97.84007,
Upper-middle-income countries,,2005,98.38385,97.96663,
Upper-middle-income countries,,2006,98.24177,97.81661,
Upper-middle-income countries,,2007,98.41625,98.09707,
Upper-middle-income countries,,2008,98.77105,98.53875,
Upper-middle-income countries,,2009,98.41689,98.16295,
Upper-middle-income countries,,2010,98.39964,98.20577,
Upper-middle-income countries,,2011,98.40447,98.20221,
Upper-middle-income countries,,2012,98.44543,98.25984,
Upper-middle-income countries,,2013,98.41508,98.26575,
Upper-middle-income countries,,2014,98.53498,98.37738,
Upper-middle-income countries,,2015,98.51003,98.35668,
Upper-middle-income countries,,2016,98.51744,98.38106,
Upper-middle-income countries,,2017,98.37493,98.27023,
Upper-middle-income countries,,2018,98.38033,98.28093,
Upper-middle-income countries,,2019,98.49624,98.39383,
Upper-middle-income countries,,2020,98.49807,98.40296,
Upper-middle-income countries,,2021,98.46274,98.39409,
Upper-middle-income countries,,2022,98.46457,98.40409,
Upper-middle-income countries,,2023,98.43889,98.39037,
Uruguay,URY,1975,98,99,
Uruguay,URY,1985,98,99,
Uruguay,URY,1996,98,99,
Uruguay,URY,2006,98,99,
Uruguay,URY,2007,98,99,
Uruguay,URY,2008,98.6,99.2,
Uruguay,URY,2009,98.6,99.3,
Uruguay,URY,2010,98.4,99.2,
Uruguay,URY,2011,98.6,99.1,
Uruguay,URY,2012,98.6,99.3,
Uruguay,URY,2013,98.6,99.3,
Uruguay,URY,2014,98.3,99.4,
Uruguay,URY,2015,98.6,99.2,
Uruguay,URY,2016,98.9,99.4,
Uruguay,URY,2017,98.6,99.3,
Uruguay,URY,2018,98.6,99.2,
Uruguay,URY,2019,98.7,99.3,
Uruguay,URY,2021,99.1,99.2,
Uruguay,URY,2022,98.9,99.4,
Uruguay,URY,2023,98.7,99.4,South America
Uzbekistan,UZB,2000,100,100,
Uzbekistan,UZB,2013,100,100,
Uzbekistan,UZB,2014,100,100,
Uzbekistan,UZB,2015,100,100,
Uzbekistan,UZB,2016,100,100,
Uzbekistan,UZB,2018,100,100,
Uzbekistan,UZB,2019,100,100,
Uzbekistan,UZB,2021,100,100,
Uzbekistan,UZB,2022,100,100,
Uzbekistan,UZB,2006,,100,
Uzbekistan,UZB,2023,,,Asia
Vanuatu,VUT,1979,76,68,
Vanuatu,VUT,2023,93.36447,94.51224,Oceania
Vatican,VAT,2023,,,Europe
Venezuela,VEN,1981,92,94,
Venezuela,VEN,1990,95,96,
Venezuela,VEN,2000,96.9,98.2,
Venezuela,VEN,2001,97,98.3,
Venezuela,VEN,2002,97.2,98.4,
Venezuela,VEN,2003,97.2,98.5,
Venezuela,VEN,2004,97.7,98.6,
Venezuela,VEN,2005,97.6,98.5,
Venezuela,VEN,2006,97.8,98.8,
Venezuela,VEN,2007,98,98.8,
Venezuela,VEN,2008,98.1,98.9,
Venezuela,VEN,2009,98.3,98.8,
Venezuela,VEN,2010,98.1,98.8,
Venezuela,VEN,2011,98.3,99,
Venezuela,VEN,2012,98.6,99.1,
Venezuela,VEN,2013,98.5,98.9,
Venezuela,VEN,2014,98.6,99.2,
Venezuela,VEN,2015,99,99,
Venezuela,VEN,2016,98,99,
Venezuela,VEN,2023,,,South America
Vietnam,VNM,1979,96,94,
Vietnam,VNM,1989,94,93,
Vietnam,VNM,1999,95,94,
Vietnam,VNM,2000,96,94,
Vietnam,VNM,2009,97,97,
Vietnam,VNM,2019,99,99,
Vietnam,VNM,2020,97.48152,98.96916,
Vietnam,VNM,2022,99,99,
Vietnam,VNM,2006,,100,
Vietnam,VNM,2014,,98.81,
Vietnam,VNM,2023,,,Asia
Wallis and Futuna,WLF,2023,,,Oceania
West Germany,OWID_GFR,2023,,,Europe
Western Sahara,ESH,2023,,,Africa
World,OWID_WRL,1975,84.20595,69.73282,
World,OWID_WRL,1976,84.17135,69.79862,
World,OWID_WRL,1977,84.20283,70.07248,
World,OWID_WRL,1978,84.46616,70.94979,
World,OWID_WRL,1979,84.77585,71.87965,
World,OWID_WRL,1980,84.9404,72.73877,
World,OWID_WRL,1981,85.0829,73.51524,
World,OWID_WRL,1982,85.20493,74.21412,
World,OWID_WRL,1983,85.2977,74.83505,
World,OWID_WRL,1984,85.46811,75.57709,
World,OWID_WRL,1985,85.64762,76.22743,
World,OWID_WRL,1986,85.81324,76.82139,
World,OWID_WRL,1987,86.27433,77.6648,
World,OWID_WRL,1988,87.0731,78.00692,
World,OWID_WRL,1989,87.18682,78.39028,
World,OWID_WRL,1990,87.31748,78.86351,
World,OWID_WRL,1991,87.43884,79.24219,
World,OWID_WRL,1992,87.67215,79.55118,
World,OWID_WRL,1993,87.92209,79.79938,
World,OWID_WRL,1994,88.03336,80.19295,
World,OWID_WRL,1995,88.14821,80.59619,
World,OWID_WRL,1996,88.23841,80.9904,
World,OWID_WRL,1997,88.7176,82.21442,
World,OWID_WRL,1998,89.70054,82.80887,
World,OWID_WRL,1999,89.85753,83.27845,
World,OWID_WRL,2000,89.84021,83.30813,
World,OWID_WRL,2001,89.94985,83.82793,
World,OWID_WRL,2002,90.38558,84.33525,
World,OWID_WRL,2003,90.82547,84.83368,
World,OWID_WRL,2004,90.99728,85.37423,
World,OWID_WRL,2005,91.38889,85.40587,
World,OWID_WRL,2006,90.91807,85.46435,
World,OWID_WRL,2007,91.08644,86.00191,
World,OWID_WRL,2008,91.41756,86.55271,
World,OWID_WRL,2009,91.40515,86.77014,
World,OWID_WRL,2010,91.80122,87.23128,
World,OWID_WRL,2011,91.86451,87.70053,
World,OWID_WRL,2012,92.09037,88.10454,
World,OWID_WRL,2013,92.42617,88.67801,
World,OWID_WRL,2014,92.55024,89.10535,
World,OWID_WRL,2015,92.69437,89.52198,
World,OWID_WRL,2016,92.76739,89.83617,
World,OWID_WRL,2017,92.85626,90.04203,
World,OWID_WRL,2018,92.88166,90.12206,
World,OWID_WRL,2019,93.74094,90.9163,
World,OWID_WRL,2020,93.77812,91.07546,
World,OWID_WRL,2021,93.83333,91.26919,
World,OWID_WRL,2022,93.8974,91.50098,
World,OWID_WRL,2023,93.93184,91.67273,
Yemen,YEM,1994,83,35,
Yemen,YEM,2023,61.76,76.91698,Asia
Yemen,YEM,2006,,65.66,
Yemen,YEM,2013,,64.08,
Yemen Arab Republic,OWID_YAR,2023,,,Asia
Yemen People's Republic,OWID_YPR,2023,,,Asia
Yugoslavia,OWID_YGS,2023,,,Europe
Zambia,ZMB,1990,67,66,
Zambia,ZMB,1999,73,66,
Zambia,ZMB,2002,78,66,
Zambia,ZMB,2010,91,87,
Zambia,ZMB,2018,82.44786,72.90992,
Zambia,ZMB,2023,,,Africa
Zimbabwe,ZWE,1982,94,85,
Zimbabwe,ZWE,1992,97,94,
Zimbabwe,ZWE,2019,90.77383,94.2159,
Zimbabwe,ZWE,2009,,95.65,
Zimbabwe,ZWE,2014,,96.31,
Zimbabwe,ZWE,2023,,,Africa